============================= test session starts =============================
platform win32 -- Python 3.11.9, pytest-9.1.1, pluggy-1.6.0 -- V:\___VAC\__K\__CODE\_PY\_FastPrompter\.venv\Scripts\python.exe
cachedir: .pytest_cache
rootdir: V:\___VAC\__K\__CODE\_PY\_FastPrompter
configfile: pyproject.toml
plugins: timeout-2.4.0
timeout: 180.0s
timeout method: thread
timeout func_only: False
collecting ... collected 1933 items

tests/test_audit_core_tickets.py::TestCore001VerifiedRecoveryIdentity::test_mismatched_create_time_refuses_kill PASSED [  0%]
tests/test_audit_core_tickets.py::TestCore001VerifiedRecoveryIdentity::test_mismatched_executable_refuses_kill PASSED [  0%]
tests/test_audit_core_tickets.py::TestCore003WatcherResidualRemoved::test_legacy_watcher_queues_all_does_not_block_slot_reuse PASSED [  0%]
tests/test_audit_overflow.py::test_slot_99_and_100_never_merge_on_load PASSED [  0%]
tests/test_audit_overflow.py::test_slot_99_only_loads_clean PASSED       [  0%]
tests/test_audit_overflow.py::test_archive_slot_99_and_100_never_merge_on_load PASSED [  0%]
tests/test_audit_overflow.py::test_negative_slot_fails_closed_temp PASSED [  0%]
tests/test_audit_overflow.py::test_negative_slot_fails_closed_archive PASSED [  0%]
tests/test_audit_overflow.py::test_window_flags_single_branch PASSED     [  0%]
tests/test_cat_numbox_shrink.py::test_cat_numbox_buttons_squeeze_into_cards_without_hiding PASSED [  0%]
tests/test_cat_numbox_shrink.py::test_rebuild_after_show_keeps_buttons_visible PASSED [  0%]
tests/test_category_alias.py::TestBindActiveCategory::test_binds_every_alias_to_the_target_category PASSED [  0%]
tests/test_category_alias.py::TestBindActiveCategory::test_no_cross_category_leakage_switching_a_b_a PASSED [  0%]
tests/test_category_alias.py::TestBindActiveCategory::test_missing_category_gets_a_fresh_empty_store PASSED [  0%]
tests/test_category_alias.py::TestBindActiveCategory::test_corrupt_all_store_is_replaced PASSED [  0%]
tests/test_category_alias.py::TestBindActiveCategory::test_registry_covers_every_per_category_store PASSED [  0%]
tests/test_category_alias.py::TestAliasPersistence::test_no_leakage_through_save_reload PASSED [  0%]
tests/test_cheatsheet_drift.py::test_cheatsheet_rows_are_in_the_code PASSED [  0%]
tests/test_cheatsheet_drift.py::test_deliberately_stale_row_fails[Ctrl+ZZZ] PASSED [  0%]
tests/test_cheatsheet_drift.py::test_deliberately_stale_row_fails[Alt+Nonexistent] PASSED [  1%]
tests/test_clickable_links.py::test_source_links PASSED                  [  1%]
tests/test_clickable_links.py::test_live_preview_links PASSED            [  1%]
tests/test_clickable_links.py::test_reading_links PASSED                 [  1%]
tests/test_clickable_links.py::test_t1016_executable_links_require_approval PASSED [  1%]
tests/test_clickable_links.py::test_core003_every_local_type_requires_confirmation[.exe] PASSED [  1%]
tests/test_clickable_links.py::test_core003_every_local_type_requires_confirmation[.com] PASSED [  1%]
tests/test_clickable_links.py::test_core003_every_local_type_requires_confirmation[.scr] PASSED [  1%]
tests/test_clickable_links.py::test_core003_every_local_type_requires_confirmation[.hta] PASSED [  1%]
tests/test_clickable_links.py::test_core003_every_local_type_requires_confirmation[.cmd] PASSED [  1%]
tests/test_clickable_links.py::test_core003_every_local_type_requires_confirmation[.bat] PASSED [  1%]
tests/test_clickable_links.py::test_core003_every_local_type_requires_confirmation[.ps1] PASSED [  1%]
tests/test_clickable_links.py::test_core003_every_local_type_requires_confirmation[.vbs] PASSED [  1%]
tests/test_clickable_links.py::test_core003_every_local_type_requires_confirmation[.js] PASSED [  1%]
tests/test_clickable_links.py::test_core003_every_local_type_requires_confirmation[.wsf] PASSED [  1%]
tests/test_clickable_links.py::test_core003_every_local_type_requires_confirmation[.msc] PASSED [  1%]
tests/test_clickable_links.py::test_core003_every_local_type_requires_confirmation[.lnk] PASSED [  1%]
tests/test_clickable_links.py::test_core003_every_local_type_requires_confirmation[.url] PASSED [  1%]
tests/test_clickable_links.py::test_core003_every_local_type_requires_confirmation[.py] PASSED [  1%]
tests/test_clickable_links.py::test_core003_every_local_type_requires_confirmation[.pyw] PASSED [  2%]
tests/test_clickable_links.py::test_core003_every_local_type_requires_confirmation[.cpl] PASSED [  2%]
tests/test_clickable_links.py::test_core003_every_local_type_requires_confirmation[.msi] PASSED [  2%]
tests/test_clickable_links.py::test_core003_every_local_type_requires_confirmation[.msp] PASSED [  2%]
tests/test_clickable_links.py::test_core003_every_local_type_requires_confirmation[.vbe] PASSED [  2%]
tests/test_clickable_links.py::test_core003_every_local_type_requires_confirmation[.jse] PASSED [  2%]
tests/test_clickable_links.py::test_core003_every_local_type_requires_confirmation[.jar] PASSED [  2%]
tests/test_clickable_links.py::test_core003_every_local_type_requires_confirmation[.reg] PASSED [  2%]
tests/test_clickable_links.py::test_core003_every_local_type_requires_confirmation[.pif] PASSED [  2%]
tests/test_clickable_links.py::test_core003_every_local_type_requires_confirmation[.txt] PASSED [  2%]
tests/test_clickable_links.py::test_core003_every_local_type_requires_confirmation[.md] PASSED [  2%]
tests/test_clickable_links.py::test_core003_every_local_type_requires_confirmation[.png] PASSED [  2%]
tests/test_clickable_links.py::test_core003_every_local_type_requires_confirmation[.pdf] PASSED [  2%]
tests/test_clickable_links.py::test_core003_every_local_type_requires_confirmation[.docx] PASSED [  2%]
tests/test_clickable_links.py::test_core003_every_local_type_requires_confirmation[] PASSED [  2%]
tests/test_clickable_links.py::test_core003_every_local_type_requires_confirmation[.unknown] PASSED [  2%]
tests/test_clickable_links.py::test_core003_web_links_bypass_confirmation PASSED [  2%]
tests/test_close_save_contract.py::test_close_save_contract PASSED       [  2%]
tests/test_color_reset.py::test_reset_restores_every_canonical_key_including_notifications PASSED [  2%]
tests/test_config.py::TestExtractBg::test_extract_bg_simple PASSED       [  3%]
tests/test_config.py::TestExtractBg::test_extract_bg_no_match PASSED     [  3%]
tests/test_config.py::TestExtractBg::test_extract_bg_empty_string PASSED [  3%]
tests/test_config.py::TestExtractBg::test_extract_bg_multiline PASSED    [  3%]
tests/test_config.py::TestExtractBg::test_extract_bg_short_hex PASSED    [  3%]
tests/test_config.py::TestExtractBg::test_extract_bg_uppercase PASSED    [  3%]
tests/test_config.py::TestExtractBg::test_extract_bg_rgba_no_match PASSED [  3%]
tests/test_config.py::TestExtractColor::test_extract_color_simple PASSED [  3%]
tests/test_config.py::TestExtractColor::test_extract_color_no_match PASSED [  3%]
tests/test_config.py::TestExtractColor::test_extract_color_empty_string PASSED [  3%]
tests/test_config.py::TestExtractColor::test_extract_color_multiline PASSED [  3%]
tests/test_config.py::TestExtractColor::test_extract_color_after_background PASSED [  3%]
tests/test_config.py::TestExtractColor::test_extract_color_before_background PASSED [  3%]
tests/test_config.py::TestExtractColor::test_extract_color_named_no_match PASSED [  3%]
tests/test_core001_productivity_alarm.py::test_phase_end_once_notifies PASSED [  3%]
tests/test_core001_productivity_alarm.py::test_replay_cadence_sound_only PASSED [  3%]
tests/test_core001_productivity_alarm.py::test_acknowledge_stops_replay PASSED [  3%]
tests/test_core001_productivity_alarm.py::test_repeat_false_is_oneshot PASSED [  3%]
tests/test_core001_productivity_alarm.py::test_sound_disabled_never_rings PASSED [  3%]
tests/test_core001_productivity_alarm.py::test_work_alarm_keeps_work_sound_in_break PASSED [  3%]
tests/test_core001_productivity_alarm.py::test_disabling_sound_silences_pending PASSED [  4%]
tests/test_core001_trash.py::test_trash_write_failure_is_fail_closed PASSED [  4%]
tests/test_core001_trash.py::test_trash_blank_text_is_noop PASSED        [  4%]
tests/test_core001_trash.py::test_trash_success_returns_written_path PASSED [  4%]
tests/test_core001_trash.py::test_trash_records_folder_link_on_success PASSED [  4%]
tests/test_core002_retirement_journal.py::test_journal_write_failure_aborts_move PASSED [  4%]
tests/test_core002_retirement_journal.py::test_successful_move_keeps_journal PASSED [  4%]
tests/test_core002_volume_slider.py::test_legacy_volume_not_pinned_to_100 PASSED [  4%]
tests/test_core002_volume_slider.py::test_canonical_volume_preserved PASSED [  4%]
tests/test_core002_volume_slider.py::test_malformed_volume_falls_back PASSED [  4%]
tests/test_core002_volume_slider.py::test_legacy_parser_boundaries PASSED [  4%]
tests/test_core003_find_sound_index.py::test_named_resolves_to_named_not_file PASSED [  4%]
tests/test_core003_find_sound_index.py::test_file_ref_resolves_to_file PASSED [  4%]
tests/test_core003_find_sound_index.py::test_file_ref_case_insensitive PASSED [  4%]
tests/test_core003_find_sound_index.py::test_legacy_wav_alias_resolves_to_file PASSED [  4%]
tests/test_core003_find_sound_index.py::test_named_never_matches_file_stem PASSED [  4%]
tests/test_core003_find_sound_index.py::test_exact_file_passthrough PASSED [  4%]
tests/test_core004_reset_layout.py::test_reset_copies_default_profile_values PASSED [  4%]
tests/test_core004_reset_layout.py::test_reset_splitter_never_empty_string PASSED [  4%]
tests/test_core005_missing_sound_ref.py::test_missing_ref_shows_marker_with_original_data PASSED [  5%]
tests/test_core005_missing_sound_ref.py::test_missing_marker_not_duplicated PASSED [  5%]
tests/test_core005_missing_sound_ref.py::test_resolved_ref_selects_existing PASSED [  5%]
tests/test_core005_missing_sound_ref.py::test_legacy_wav_missing_ref PASSED [  5%]
tests/test_core005_missing_sound_ref.py::test_empty_ref_is_noop PASSED   [  5%]
tests/test_cursor_theme.py::test_hotspot_is_read_from_the_header PASSED  [  5%]
tests/test_cursor_theme.py::test_an_icon_is_not_a_cursor PASSED          [  5%]
tests/test_cursor_theme.py::test_junk_files_do_not_raise PASSED          [  5%]
tests/test_cursor_theme.py::test_zero_image_count_is_rejected PASSED     [  5%]
tests/test_cursor_theme.py::test_the_role_table_covers_the_shapes_that_matter PASSED [  5%]
tests/test_cursor_theme.py::test_the_full_set_url_is_the_users_own PASSED [  5%]
tests/test_cursor_theme.py::test_scheme_order_matches_what_windows_writes PASSED [  5%]
tests/test_cursor_theme.py::test_capture_copies_the_files_rather_than_pointing_at_them PASSED [  5%]
tests/test_cursor_theme.py::test_load_bundle_without_a_copy_is_empty PASSED [  5%]
tests/test_cursor_theme.py::test_a_corrupt_manifest_does_not_raise PASSED [  5%]
tests/test_cursor_theme.py::test_a_manifest_naming_missing_files_yields_nothing PASSED [  5%]
tests/test_cursor_theme.py::test_best_available_prefers_the_applied_scheme PASSED [  5%]
tests/test_cursor_theme.py::test_best_available_falls_back_to_the_users_own_saved_scheme PASSED [  5%]
tests/test_cursor_theme.py::test_with_no_obvious_set_the_richest_one_wins PASSED [  5%]
tests/test_cursor_theme.py::test_nothing_saved_and_nothing_applied PASSED [  6%]
tests/test_debug.py::test_debug PASSED                                   [  6%]
tests/test_duration.py::TestParseDuration::test_the_headline_case PASSED [  6%]
tests/test_duration.py::TestParseDuration::test_single_units PASSED      [  6%]
tests/test_duration.py::TestParseDuration::test_separators_and_filler_words PASSED [  6%]
tests/test_duration.py::TestParseDuration::test_fractional PASSED        [  6%]
tests/test_duration.py::TestParseDuration::test_bare_number_means_minutes PASSED [  6%]
tests/test_duration.py::TestParseDuration::test_hm_shorthand PASSED      [  6%]
tests/test_duration.py::TestParseDuration::test_russian PASSED           [  6%]
tests/test_duration.py::TestParseDuration::test_case_and_spacing_insensitive PASSED [  6%]
tests/test_duration.py::TestParseDuration::test_refuses_garbage_instead_of_guessing PASSED [  6%]
tests/test_duration.py::TestParseDuration::test_refuses_absurd_lengths PASSED [  6%]
tests/test_duration.py::TestParseWhen::test_clock_time_later_today PASSED [  6%]
tests/test_duration.py::TestParseWhen::test_time_already_passed_means_tomorrow PASSED [  6%]
tests/test_duration.py::TestParseWhen::test_explicit_tomorrow PASSED     [  6%]
tests/test_duration.py::TestParseWhen::test_rejects_non_times PASSED     [  6%]
tests/test_duration.py::TestResolveTarget::test_prefers_absolute_then_falls_back_to_duration PASSED [  6%]
tests/test_duration.py::TestFormatRemaining::test_scales_the_unit_to_what_is_left PASSED [  6%]
tests/test_duration.py::TestFormatRemaining::test_short_form PASSED      [  6%]
tests/test_duration.py::TestPresets::test_every_preset_actually_parses PASSED [  6%]
tests/test_duration.py::test_format_remaining_minutes_flag PASSED        [  7%]
tests/test_duration.py::TestPickerFormatRoundTrip::test_picker_format_parses PASSED [  7%]
tests/test_duration.py::TestPickerFormatRoundTrip::test_every_string_the_picker_can_produce PASSED [  7%]
tests/test_duration.py::TestPickerFormatRoundTrip::test_a_dated_moment_in_the_past_stays_in_the_past PASSED [  7%]
tests/test_duration.py::TestPickerFormatRoundTrip::test_bare_date_is_midnight PASSED [  7%]
tests/test_duration.py::TestPickerFormatRoundTrip::test_nonsense_date_is_still_not_a_time PASSED [  7%]
tests/test_duration.py::TestPickerFormatRoundTrip::test_durations_still_win_where_they_should PASSED [  7%]
tests/test_editor_document_cache.py::test_unchanged_document_attach_reuses_feature_metadata PASSED [  7%]
tests/test_editor_document_cache.py::test_many_short_lines_get_only_bounded_attach_scan PASSED [  7%]
tests/test_editor_pinned_selection.py::test_ctrl_click_pins_and_toggles_word PASSED [  7%]
tests/test_editor_pinned_selection.py::test_ctrl_triple_click_in_press_path_clears_all PASSED [  7%]
tests/test_editor_pinned_selection.py::test_pins_survive_a_document_swap_and_stay_per_document PASSED [  7%]
tests/test_editor_pinned_selection.py::test_triple_click_ctrl_clears_all PASSED [  7%]
tests/test_editor_pinned_selection.py::test_text_change_keeps_pinned_ranges_alive PASSED [  7%]
tests/test_editor_pinned_selection.py::test_rendered_as_extra_selections PASSED [  7%]
tests/test_fancy_zones_ui_state.py::TestIdenticalStateIsNotReapplied::test_the_same_theme_is_not_rebuilt PASSED [  7%]
tests/test_fancy_zones_ui_state.py::TestIdenticalStateIsNotReapplied::test_the_same_font_size_is_not_reapplied PASSED [  7%]
tests/test_fancy_zones_ui_state.py::TestIdenticalStateIsNotReapplied::test_the_same_scale_is_not_reapplied PASSED [  7%]
tests/test_fancy_zones_ui_state.py::TestIdenticalStateIsNotReapplied::test_the_same_toolbar_side_is_not_reapplied PASSED [  7%]
tests/test_fancy_zones_ui_state.py::TestIdenticalStateIsNotReapplied::test_the_users_own_preset_shape_is_a_complete_no_op PASSED [  8%]
tests/test_fancy_zones_ui_state.py::TestDifferingStateIsStillApplied::test_a_different_theme_is_applied PASSED [  8%]
tests/test_fancy_zones_ui_state.py::TestDifferingStateIsStillApplied::test_a_different_font_size_is_applied PASSED [  8%]
tests/test_fancy_zones_ui_state.py::TestDifferingStateIsStillApplied::test_a_different_scale_is_applied PASSED [  8%]
tests/test_fancy_zones_ui_state.py::TestDifferingStateIsStillApplied::test_a_different_toolbar_side_is_applied PASSED [  8%]
tests/test_fancy_zones_ui_state.py::TestDifferingStateIsStillApplied::test_all_four_at_once PASSED [  8%]
tests/test_fancy_zones_ui_state.py::TestDifferingStateIsStillApplied::test_a_preset_carrying_nothing_touches_nothing PASSED [  8%]
tests/test_fancy_zones_ui_state.py::TestSkippingNeverHidesADriftedControl::test_a_stale_spin_box_is_still_resynced PASSED [  8%]
tests/test_fancy_zones_ui_state.py::TestSkippingNeverHidesADriftedControl::test_font_already_needs_data_and_control_to_agree PASSED [  8%]
tests/test_fancy_zones_ui_state.py::TestSkippingNeverHidesADriftedControl::test_a_window_without_a_spin_box_compares_data_only PASSED [  8%]
tests/test_fancy_zones_ui_state.py::TestComparisonsAreClampAware::test_an_out_of_range_scale_settles_instead_of_looping PASSED [  8%]
tests/test_fancy_zones_ui_state.py::TestComparisonsAreClampAware::test_float_noise_is_not_a_difference PASSED [  8%]
tests/test_fancy_zones_ui_state.py::TestComparisonsAreClampAware::test_a_real_scale_step_still_counts PASSED [  8%]
tests/test_fancy_zones_ui_state.py::TestComparisonsAreClampAware::test_garbage_values_never_skip_silently PASSED [  8%]
tests/test_fancy_zones_ui_state.py::TestComparisonsAreClampAware::test_an_unparseable_preset_value_is_ignored_not_guessed PASSED [  8%]
tests/test_fastprompter_night_upgrade.py::test_default_profile_has_user_foundational_settings PASSED [  8%]
tests/test_fastprompter_night_upgrade.py::test_state_codecs_register_interval_notifs_and_quick_bar PASSED [  8%]
tests/test_fastprompter_night_upgrade.py::test_sound_manager_defaults_aligned PASSED [  8%]
tests/test_fastprompter_night_upgrade.py::test_big_analog_clock_construction_and_sync PASSED [  8%]
tests/test_fastprompter_night_upgrade.py::test_big_analog_clock_signals_interval PASSED [  9%]
tests/test_fastprompter_night_upgrade.py::test_big_analog_clock_renders_cleanly PASSED [  9%]
tests/test_fastprompter_night_upgrade.py::test_interval_notification_engine_clock_boundary PASSED [  9%]
tests/test_fastprompter_night_upgrade.py::test_timer_dialog_reconstructed_layout PASSED [  9%]
tests/test_fastprompter_night_upgrade.py::test_timer_dialog_1_click_selection_in_place_refresh PASSED [  9%]
tests/test_fastprompter_night_upgrade.py::test_interval_tab_crud PASSED  [  9%]
tests/test_fastprompter_night_upgrade.py::test_interval_tab_children_fit_the_default_size PASSED [  9%]
tests/test_fastprompter_night_upgrade.py::test_interval_quick_bar_pick_and_store PASSED [  9%]
tests/test_fastprompter_night_upgrade.py::test_mini_analog_clock_click_opens_interval_tab PASSED [  9%]
tests/test_fastprompter_night_upgrade.py::test_interval_sound_selection_persistence_and_matching PASSED [  9%]
tests/test_files_hotkey.py::TestToggleFilesHotkeyDefault::test_default_value_in_default_profile PASSED [  9%]
tests/test_files_hotkey.py::TestToggleFilesHotkeyDefault::test_default_parses_to_alt_f PASSED [  9%]
tests/test_files_hotkey.py::TestToggleFilesHotkeyCustom::test_ctrl_shift_f_parses PASSED [  9%]
tests/test_files_hotkey.py::TestToggleFilesHotkeyCustom::test_empty_string_parses_to_zero PASSED [  9%]
tests/test_files_hotkey.py::TestToggleFilesHotkeySoundContract::test_toggle_files_hotkey_is_sound_self PASSED [  9%]
tests/test_files_hotkey.py::TestToggleFilesHotkeySoundContract::test_toggle_files_hotkey_sound_event_maps_to_chest PASSED [  9%]
tests/test_files_hotkey.py::TestToggleFilesHotkeyIsReachable::test_settings_dialog_exposes_the_binding PASSED [  9%]
tests/test_files_hotkey.py::TestToggleFilesHotkeyIsReachable::test_settings_dialog_saves_and_resets_the_binding PASSED [  9%]
tests/test_files_hotkey.py::TestToggleFilesHotkeyIsReachable::test_alt_slot_is_bound PASSED [  9%]
tests/test_files_hotkey.py::TestToggleFilesHotkeyIsReachable::test_cheatsheet_documents_alt_f PASSED [  9%]
tests/test_fonts.py::test_a_plain_name_resolves_to_its_m1_build_when_installed PASSED [ 10%]
tests/test_fonts.py::test_a_name_with_no_m1_build_is_unchanged PASSED    [ 10%]
tests/test_fonts.py::test_asking_for_the_m1_family_directly_is_idempotent PASSED [ 10%]
tests/test_fonts.py::test_the_rule_is_generic_not_a_verdana_list PASSED  [ 10%]
tests/test_fonts.py::test_an_empty_name_is_left_alone PASSED             [ 10%]
tests/test_fonts.py::test_display_strips_the_m1_suffix PASSED            [ 10%]
tests/test_fonts.py::test_resolve_and_display_are_inverses_for_an_m1_font PASSED [ 10%]
tests/test_fonts.py::test_no_aa_stamps_the_non_antialiased_strategy PASSED [ 10%]
tests/test_formatting_mixin.py::TestRegexPatterns::test_re_dash_line_matches_dashes PASSED [ 10%]
tests/test_formatting_mixin.py::TestRegexPatterns::test_re_dash_line_rejects_non_dashes PASSED [ 10%]
tests/test_formatting_mixin.py::TestRegexPatterns::test_re_header_dash_same_as_dash_line PASSED [ 10%]
tests/test_formatting_mixin.py::TestRegexPatterns::test_re_list_item_matches_dash PASSED [ 10%]
tests/test_formatting_mixin.py::TestRegexPatterns::test_re_list_item_matches_star PASSED [ 10%]
tests/test_formatting_mixin.py::TestRegexPatterns::test_re_list_item_matches_bullet PASSED [ 10%]
tests/test_formatting_mixin.py::TestRegexPatterns::test_re_list_item_matches_numbered PASSED [ 10%]
tests/test_formatting_mixin.py::TestRegexPatterns::test_re_list_item_rejects_plain_text PASSED [ 10%]
tests/test_formatting_mixin.py::TestRegexPatterns::test_re_list_sub_removes_dash PASSED [ 10%]
tests/test_formatting_mixin.py::TestRegexPatterns::test_re_list_sub_removes_star PASSED [ 10%]
tests/test_formatting_mixin.py::TestRegexPatterns::test_re_list_sub_removes_bullet PASSED [ 10%]
tests/test_formatting_mixin.py::TestRegexPatterns::test_re_list_sub_removes_numbered PASSED [ 11%]
tests/test_formatting_mixin.py::TestRegexPatterns::test_re_bullet_matches_bullet PASSED [ 11%]
tests/test_formatting_mixin.py::TestRegexPatterns::test_re_bullet_rejects_dash PASSED [ 11%]
tests/test_formatting_mixin.py::TestRegexPatterns::test_re_bold_matches PASSED [ 11%]
tests/test_formatting_mixin.py::TestRegexPatterns::test_re_italic_matches PASSED [ 11%]
tests/test_formatting_mixin.py::TestRegexPatterns::test_re_italic_does_not_match_double_star_outside PASSED [ 11%]
tests/test_formatting_mixin.py::TestRegexPatterns::test_re_inline_code_matches PASSED [ 11%]
tests/test_formatting_mixin.py::TestRegexPatterns::test_re_link_matches PASSED [ 11%]
tests/test_formatting_mixin.py::TestRegexPatterns::test_re_url_matches_bare_http PASSED [ 11%]
tests/test_formatting_mixin.py::TestRegexPatterns::test_re_url_matches_bare_https PASSED [ 11%]
tests/test_formatting_mixin.py::TestRegexPatterns::test_re_url_skips_url_inside_markdown_link PASSED [ 11%]
tests/test_formatting_mixin.py::TestSimpleMarkdownToHtml::test_plain_text PASSED [ 11%]
tests/test_formatting_mixin.py::TestSimpleMarkdownToHtml::test_bold PASSED [ 11%]
tests/test_formatting_mixin.py::TestSimpleMarkdownToHtml::test_italic PASSED [ 11%]
tests/test_formatting_mixin.py::TestSimpleMarkdownToHtml::test_header_h1 PASSED [ 11%]
tests/test_formatting_mixin.py::TestSimpleMarkdownToHtml::test_header_h2 PASSED [ 11%]
tests/test_formatting_mixin.py::TestSimpleMarkdownToHtml::test_header_h3 PASSED [ 11%]
tests/test_formatting_mixin.py::TestSimpleMarkdownToHtml::test_blockquote PASSED [ 11%]
tests/test_formatting_mixin.py::TestSimpleMarkdownToHtml::test_horizontal_rule PASSED [ 11%]
tests/test_formatting_mixin.py::TestSimpleMarkdownToHtml::test_bullet_dash PASSED [ 12%]
tests/test_formatting_mixin.py::TestSimpleMarkdownToHtml::test_bullet_asterisk PASSED [ 12%]
tests/test_formatting_mixin.py::TestSimpleMarkdownToHtml::test_bullet_numbered PASSED [ 12%]
tests/test_formatting_mixin.py::TestSimpleMarkdownToHtml::test_code_block PASSED [ 12%]
tests/test_formatting_mixin.py::TestSimpleMarkdownToHtml::test_inline_code PASSED [ 12%]
tests/test_formatting_mixin.py::TestSimpleMarkdownToHtml::test_link PASSED [ 12%]
tests/test_formatting_mixin.py::TestSimpleMarkdownToHtml::test_bare_url PASSED [ 12%]
tests/test_formatting_mixin.py::TestSimpleMarkdownToHtml::test_bare_url_in_bullet PASSED [ 12%]
tests/test_formatting_mixin.py::TestSimpleMarkdownToHtml::test_markdown_link_not_double_wrapped PASSED [ 12%]
tests/test_formatting_mixin.py::TestSimpleMarkdownToHtml::test_html_escaping PASSED [ 12%]
tests/test_formatting_mixin.py::TestSimpleMarkdownToHtml::test_empty_string PASSED [ 12%]
tests/test_formatting_mixin.py::TestSimpleMarkdownToHtml::test_multiple_lines PASSED [ 12%]
tests/test_formatting_mixin.py::TestSimpleMarkdownToHtml::test_mixed_formatting PASSED [ 12%]
tests/test_formatting_mixin.py::TestSimpleMarkdownToHtml::test_bullet_with_formatting PASSED [ 12%]
tests/test_formatting_mixin.py::TestSimpleMarkdownToHtml::test_consecutive_headers PASSED [ 12%]
tests/test_formatting_mixin.py::TestSimpleMarkdownToHtml::test_blockquote_with_formatting PASSED [ 12%]
tests/test_formatting_mixin.py::TestSimpleMarkdownToHtml::test_empty_block_still_wraps_body PASSED [ 12%]
tests/test_formatting_mixin.py::TestSimpleMarkdownToHtml::test_bullet_with_inline_code PASSED [ 12%]
tests/test_formatting_mixin.py::TestSimpleMarkdownToHtml::test_star_inside_word_not_italic PASSED [ 12%]
tests/test_formatting_mixin.py::TestSimpleMarkdownToHtml::test_link_in_bullet PASSED [ 12%]
tests/test_formatting_mixin.py::TestBulletConversionLogic::test_dash_to_bullet_conversion PASSED [ 13%]
tests/test_formatting_mixin.py::TestBulletConversionLogic::test_bullet_to_dash_conversion PASSED [ 13%]
tests/test_formatting_mixin.py::TestBulletConversionLogic::test_dash_line_preserved_during_conversion PASSED [ 13%]
tests/test_formatting_mixin.py::TestBulletConversionLogic::test_indented_dash_conversion PASSED [ 13%]
tests/test_hashtags.py::test_a_plain_tag_is_found PASSED                 [ 13%]
tests/test_hashtags.py::test_markdown_headers_are_not_tags PASSED        [ 13%]
tests/test_hashtags.py::test_a_tag_on_a_header_line_is_ignored_not_half_read PASSED [ 13%]
tests/test_hashtags.py::test_tags_are_case_insensitive PASSED            [ 13%]
tests/test_hashtags.py::test_tags_keep_first_seen_order_and_do_not_repeat PASSED [ 13%]
tests/test_hashtags.py::test_unicode_tags_work PASSED                    [ 13%]
tests/test_hashtags.py::test_dashes_and_underscores_are_allowed_inside PASSED [ 13%]
tests/test_hashtags.py::test_a_tag_cannot_start_with_a_digit_only_rule_is_word_char PASSED [ 13%]
tests/test_hashtags.py::test_a_bare_hash_is_not_a_tag PASSED             [ 13%]
tests/test_hashtags.py::test_a_hash_inside_a_word_is_not_a_tag PASSED    [ 13%]
tests/test_hashtags.py::test_double_hash_mid_line_is_not_a_tag PASSED    [ 13%]
tests/test_hashtags.py::test_empty_and_none_are_safe PASSED              [ 13%]
tests/test_hashtags.py::test_tag_at_finds_the_tag_under_a_click PASSED   [ 13%]
tests/test_hashtags.py::test_tag_at_picks_the_right_one_of_several PASSED [ 13%]
tests/test_hashtags.py::test_occurrences_span_every_silo PASSED          [ 13%]
tests/test_hashtags.py::test_occurrences_accept_the_tag_written_with_its_hash PASSED [ 14%]
tests/test_hashtags.py::test_occurrences_are_case_insensitive PASSED     [ 14%]
tests/test_hashtags.py::test_line_numbers_are_one_based_to_match_the_gutter PASSED [ 14%]
tests/test_hashtags.py::test_a_silo_without_a_name_still_gets_a_label PASSED [ 14%]
tests/test_hashtags.py::test_junk_silos_do_not_break_the_search PASSED   [ 14%]
tests/test_hashtags.py::test_an_empty_tag_finds_nothing PASSED           [ 14%]
tests/test_hashtags.py::test_collect_all_counts_lines_not_mentions PASSED [ 14%]
tests/test_hashtags.py::test_collect_all_on_nothing PASSED               [ 14%]
tests/test_hotkey_filter.py::TestHotkeyFilterInit::test_window_is_stored PASSED [ 14%]
tests/test_hotkey_filter.py::TestHotkeyFilterInit::test_extends_abstract_event_filter PASSED [ 14%]
tests/test_hotkey_filter.py::TestWMHotkeyDispatch::test_wparam_1_toggles_visibility PASSED [ 14%]
tests/test_hotkey_filter.py::TestWMHotkeyDispatch::test_wparam_101_toggles_visibility_alt PASSED [ 14%]
tests/test_hotkey_filter.py::TestWMHotkeyDispatch::test_wparam_2_shows_quick_list PASSED [ 14%]
tests/test_hotkey_filter.py::TestWMHotkeyDispatch::test_wparam_102_shows_quick_list_alt PASSED [ 14%]
tests/test_hotkey_filter.py::TestWMHotkeyDispatch::test_wparam_3_lock_not_handled_globally PASSED [ 14%]
tests/test_hotkey_filter.py::TestWMHotkeyDispatch::test_wparam_103_lock_alt_not_handled_globally PASSED [ 14%]
tests/test_hotkey_filter.py::TestWMHotkeyDispatch::test_wparam_4_aot_not_handled_globally PASSED [ 14%]
tests/test_hotkey_filter.py::TestWMHotkeyDispatch::test_wparam_104_aot_alt_not_handled_globally PASSED [ 14%]
tests/test_hotkey_filter.py::TestWMHotkeyDispatch::test_wparam_5_sidebar_not_handled_globally PASSED [ 14%]
tests/test_hotkey_filter.py::TestWMHotkeyDispatch::test_wparam_105_sidebar_alt_not_handled_globally PASSED [ 15%]
tests/test_hotkey_filter.py::TestWMHotkeyDispatch::test_wparam_10_snippet_not_handled_globally PASSED [ 15%]
tests/test_hotkey_filter.py::TestWMHotkeyDispatch::test_wparam_14_snippet_not_handled_globally PASSED [ 15%]
tests/test_hotkey_filter.py::TestWMHotkeyDispatch::test_wparam_110_snippet_alt_not_handled_globally PASSED [ 15%]
tests/test_hotkey_filter.py::TestWMHotkeyDispatch::test_wparam_114_snippet_alt_not_handled_globally PASSED [ 15%]
tests/test_hotkey_filter.py::TestWMHotkeyDispatch::test_wparam_20_silo_not_handled_globally PASSED [ 15%]
tests/test_hotkey_filter.py::TestWMHotkeyDispatch::test_wparam_24_silo_not_handled_globally PASSED [ 15%]
tests/test_hotkey_filter.py::TestWMHotkeyDispatch::test_wparam_120_silo_alt_not_handled_globally PASSED [ 15%]
tests/test_hotkey_filter.py::TestWMHotkeyDispatch::test_wparam_124_silo_alt_not_handled_globally PASSED [ 15%]
tests/test_hotkey_filter.py::TestWMSysCommand::test_sc_keymenu_is_consumed PASSED [ 15%]
tests/test_hotkey_filter.py::TestWMSysCommand::test_other_syscommand_is_not_consumed PASSED [ 15%]
tests/test_hotkey_filter.py::TestEdgeCases::test_unknown_wparam_does_nothing PASSED [ 15%]
tests/test_hotkey_filter.py::TestEdgeCases::test_non_windows_event_type_returns_false PASSED [ 15%]
tests/test_hotkey_filter.py::TestEdgeCases::test_windows_dispatcher_msg_also_works PASSED [ 15%]
tests/test_hotkey_filter.py::TestEdgeCases::test_snippet_wparam_out_of_range_does_nothing PASSED [ 15%]
tests/test_hotkey_filter.py::TestEdgeCases::test_snippet_wparam_above_range_does_nothing PASSED [ 15%]
tests/test_hotkey_filter.py::TestEdgeCases::test_alternate_snippet_wparam_out_of_range_does_nothing PASSED [ 15%]
tests/test_hotkey_filter.py::TestEdgeCases::test_silo_wparam_below_range_does_nothing PASSED [ 15%]
tests/test_hotkey_filter.py::TestEdgeCases::test_both_wm_hotkey_and_syscommand_check_order PASSED [ 15%]
tests/test_hotkey_filter.py::TestEdgeCases::test_multiple_hotkeys_sequentially PASSED [ 15%]
tests/test_hotkey_migration.py::test_profile_ships_canonical_lock_and_aot PASSED [ 16%]
tests/test_hotkey_migration.py::test_no_swapped_lock_aot_defaults_anywhere PASSED [ 16%]
tests/test_hotkey_migration.py::test_canonical_defaults_are_present_in_the_binding_sites PASSED [ 16%]
tests/test_hotkey_migration.py::test_every_dialog_alt_slot_is_bound_somewhere PASSED [ 16%]
tests/test_hotkey_migration.py::test_the_14_window_local_alt_slots_are_exactly_bound PASSED [ 16%]
tests/test_hotkeys.py::TestResolveVk::test_letters PASSED                [ 16%]
tests/test_hotkeys.py::TestResolveVk::test_digits PASSED                 [ 16%]
tests/test_hotkeys.py::TestResolveVk::test_function_keys PASSED          [ 16%]
tests/test_hotkeys.py::TestResolveVk::test_named_keys PASSED             [ 16%]
tests/test_hotkeys.py::TestResolveVk::test_arrow_keys PASSED             [ 16%]
tests/test_hotkeys.py::TestResolveVk::test_oem_fallback PASSED           [ 16%]
tests/test_hotkeys.py::TestResolveVk::test_unknown_key_returns_zero PASSED [ 16%]
tests/test_hotkeys.py::TestParseHotkey::test_empty_string PASSED         [ 16%]
tests/test_hotkeys.py::TestParseHotkey::test_single_key PASSED           [ 16%]
tests/test_hotkeys.py::TestParseHotkey::test_ctrl_alt_shift PASSED       [ 16%]
tests/test_hotkeys.py::TestParseHotkey::test_ctrl_key PASSED             [ 16%]
tests/test_hotkeys.py::TestParseHotkey::test_alt_key PASSED              [ 16%]
tests/test_hotkeys.py::TestParseHotkey::test_shift_key PASSED            [ 16%]
tests/test_hotkeys.py::TestParseHotkey::test_win_key PASSED              [ 16%]
tests/test_hotkeys.py::TestParseHotkey::test_all_modifiers PASSED        [ 17%]
tests/test_hotkeys.py::TestParseHotkey::test_numpad_keys PASSED          [ 17%]
tests/test_hotkeys.py::TestParseHotkey::test_function_keys PASSED        [ 17%]
tests/test_hotkeys.py::TestParseHotkey::test_case_insensitive PASSED     [ 17%]
tests/test_hotkeys.py::TestParseHotkey::test_whitespace_tolerance PASSED [ 17%]
tests/test_hotkeys.py::TestParseHotkey::test_default_hotkeys PASSED      [ 17%]
tests/test_hotkeys.py::TestParseHotkey::test_special_character_handling PASSED [ 17%]
tests/test_hotkeys.py::TestShiftedSymbolsResolveToTheirPhysicalKey::test_no_shifted_symbol_resolves_to_zero PASSED [ 17%]
tests/test_hotkeys.py::TestShiftedSymbolsResolveToTheirPhysicalKey::test_shifted_and_unshifted_are_the_same_physical_key PASSED [ 17%]
tests/test_hotkeys.py::TestShiftedSymbolsResolveToTheirPhysicalKey::test_alt_tilde_parses_to_a_real_key PASSED [ 17%]
tests/test_hotkeys.py::TestShiftedSymbolsResolveToTheirPhysicalKey::test_every_default_hotkey_resolves PASSED [ 17%]
tests/test_instance_lock.py::TestBootstrapOwnership::test_first_instance_acquires_and_becomes_primary PASSED [ 17%]
tests/test_instance_lock.py::TestBootstrapOwnership::test_second_instance_handed_off_when_owner_acks PASSED [ 17%]
tests/test_instance_lock.py::TestBootstrapOwnership::test_second_instance_refused_when_owner_silent PASSED [ 17%]
tests/test_instance_lock.py::TestBootstrapOwnership::test_second_instance_refused_when_handover_raises PASSED [ 17%]
tests/test_instance_lock.py::TestBootstrapOwnership::test_ownership_check_failure_is_failed_not_primary PASSED [ 17%]
tests/test_instance_lock.py::TestBootstrapOwnership::test_acquire_error_never_falls_through_to_writer PASSED [ 17%]
tests/test_instance_lock.py::TestBootstrapOwnership::test_frozen_owner_live_pid_is_reclaimed PASSED [ 17%]
tests/test_instance_lock.py::TestBootstrapOwnership::test_dead_owner_pid_stays_unresponsive PASSED [ 17%]
tests/test_instance_lock.py::TestBootstrapOwnership::test_no_owner_pid_file_stays_unresponsive PASSED [ 18%]
tests/test_instance_lock.py::TestBootstrapOwnership::test_owner_pid_file_round_trips PASSED [ 18%]
tests/test_instance_lock.py::TestBootstrapOwnership::test_live_owner_pid_is_reclaimable PASSED [ 18%]
tests/test_instance_lock.py::test_real_mutex_acquire_release PASSED      [ 18%]
tests/test_instance_lock.py::test_real_mutex_held_by_other_process_cannot_be_acquired PASSED [ 18%]
tests/test_instance_lock.py::test_real_mutex_freed_after_owner_dies PASSED [ 18%]
tests/test_instance_lock.py::TestReleaseMutexSemantics::test_waiter_acquires_after_explicit_release_while_owner_alive PASSED [ 18%]
tests/test_instance_lock.py::TestReleaseMutexSemantics::test_abandoned_ownership_is_recorded PASSED [ 18%]
tests/test_instance_lock.py::TestNamespaceDecision::test_mutex_name_is_fixed_and_global PASSED [ 18%]
tests/test_instance_lock.py::TestNamespaceDecision::test_two_locks_on_the_fixed_name_contend SKIPPED [ 18%]
tests/test_ipc_grace.py::TestStartupGrace::test_slow_startup_eventually_handoffs PASSED [ 18%]
tests/test_ipc_grace.py::TestStartupGrace::test_no_server_within_grace_returns_false PASSED [ 18%]
tests/test_ipc_grace.py::TestStartupGrace::test_frozen_owner_no_ack_returns_false PASSED [ 18%]
tests/test_ipc_grace.py::TestStartupGrace::test_token_replaced_during_retry_eventually_acks PASSED [ 18%]
tests/test_ipc_grace.py::TestStartupGrace::test_grace_is_bounded PASSED  [ 18%]
tests/test_ipc_server.py::TestServerName::test_server_name_is_string PASSED [ 18%]
tests/test_ipc_server.py::TestServerName::test_server_name_contains_fastprompter PASSED [ 18%]
tests/test_ipc_server.py::TestServerName::test_server_name_has_version PASSED [ 18%]
tests/test_ipc_server.py::TestTryConnectToServer::test_returns_none_when_no_server PASSED [ 18%]
tests/test_ipc_server.py::TestTryConnectToServer::test_returns_socket_when_connected PASSED [ 18%]
tests/test_ipc_server.py::TestTryConnectToServer::test_attaches_token_when_token_file_exists PASSED [ 19%]
tests/test_ipc_server.py::TestTryConnectToServer::test_no_token_property_when_token_file_absent PASSED [ 19%]
tests/test_ipc_server.py::TestTryConnectToServer::test_retries_on_failure PASSED [ 19%]
tests/test_ipc_server.py::TestIpcServerInit::test_show_window_callback_stored PASSED [ 19%]
tests/test_ipc_server.py::TestIpcServerInit::test_token_is_string PASSED [ 19%]
tests/test_ipc_server.py::TestIpcServerInit::test_token_property PASSED  [ 19%]
tests/test_ipc_server.py::TestIpcServerSetup::test_setup_creates_server PASSED [ 19%]
tests/test_ipc_server.py::TestIpcServerSetup::test_setup_connects_signal PASSED [ 19%]
tests/test_ipc_server.py::TestIpcServerSetup::test_setup_never_kills_the_process_when_it_cannot_listen PASSED [ 19%]
tests/test_ipc_server.py::TestIpcServerHandleCommand::test_bare_show_is_rejected PASSED [ 19%]
tests/test_ipc_server.py::TestIpcServerHandleCommand::test_token_show_command_calls_callback PASSED [ 19%]
tests/test_ipc_server.py::TestIpcServerHandleCommand::test_wrong_token_does_not_call_callback PASSED [ 19%]
tests/test_ipc_server.py::TestIpcServerHandleCommand::test_empty_token_is_rejected PASSED [ 19%]
tests/test_ipc_server.py::TestIpcServerHandleCommand::test_malformed_token_no_pipe_is_rejected PASSED [ 19%]
tests/test_ipc_server.py::TestIpcServerHandleCommand::test_unknown_command_does_not_call_callback PASSED [ 19%]
tests/test_ipc_server.py::TestIpcServerHandleCommand::test_valid_token_with_unknown_command_does_not_call_callback PASSED [ 19%]
tests/test_ipc_server.py::TestIpcServerHandleCommand::test_empty_data_does_not_call_callback PASSED [ 19%]
tests/test_ipc_server.py::TestIpcServerHandleCommand::test_garbled_data_does_not_crash PASSED [ 19%]
tests/test_ipc_server.py::TestIpcServerHandleCommand::test_socket_disconnected_after_handle PASSED [ 19%]
tests/test_ipc_server.py::TestIpcServerHandleCommand::test_multiple_commands_sequentially PASSED [ 20%]
tests/test_ipc_server.py::TestIpcServerClose::test_close_stops_listening PASSED [ 20%]
tests/test_ipc_server.py::TestIpcServerClose::test_close_idempotent PASSED [ 20%]
tests/test_ipc_server.py::TestGetToken::test_token_is_unique PASSED      [ 20%]
tests/test_launcher_reliability.py::test_launcher_returns_when_pyqt6_available PASSED [ 20%]
tests/test_launcher_reliability.py::test_launcher_raises_when_venv_missing PASSED [ 20%]
tests/test_launcher_reliability.py::test_launcher_calls_execv_when_pyqt6_missing_and_venv_exists PASSED [ 20%]
tests/test_launcher_reliability.py::test_launcher_calls_execv_when_pyqt6_present_but_markdown_missing PASSED [ 20%]
tests/test_lazy_settings_guards.py::test_hotkeys_and_ctrl_c_work_before_settings_are_built PASSED [ 20%]
tests/test_limit_account_order.py::test_no_order_keeps_discovery_order PASSED [ 20%]
tests/test_limit_account_order.py::test_order_is_applied PASSED          [ 20%]
tests/test_limit_account_order.py::test_unranked_account_is_appended_not_dropped PASSED [ 20%]
tests/test_limit_account_order.py::test_stale_key_in_order_is_harmless PASSED [ 20%]
tests/test_limit_account_order.py::test_order_reader_dedupes_and_tolerates_junk PASSED [ 20%]
tests/test_limit_account_order.py::test_default_profile_and_codec_register_the_key PASSED [ 20%]
tests/test_limit_account_order.py::test_selector_move_button_reorders_draw_order PASSED [ 20%]
tests/test_limit_alert_copy.py::TestCopyAlertSettings::test_apply_to_all_copies_every_field_exactly PASSED [ 20%]
tests/test_limit_alert_copy.py::TestCopyAlertSettings::test_copying_clears_the_targets_suppression_state PASSED [ 20%]
tests/test_limit_alert_copy.py::TestCopyAlertSettings::test_copying_reevaluates_the_alerts_once PASSED [ 20%]
tests/test_limit_alert_copy.py::TestCopyAlertSettings::test_every_rendered_section_is_offered_as_a_source PASSED [ 21%]
tests/test_limit_alert_copy.py::TestCopyAlertSettings::test_the_hint_names_how_many_sections_were_written PASSED [ 21%]
tests/test_limit_alert_copy.py::TestCopyAlertSettings::test_the_rows_are_rebuilt_so_the_widgets_show_the_copy PASSED [ 21%]
tests/test_limit_alert_copy.py::TestCopyAlertSettings::test_the_source_section_is_not_touched PASSED [ 21%]
tests/test_limit_alert_copy.py::TestCopyControlsWithoutTargets::test_a_single_section_disables_the_copy_controls PASSED [ 21%]
tests/test_limit_alert_copy.py::TestCopyControlsWithoutTargets::test_no_accounts_leaves_the_controls_dead_but_alive PASSED [ 21%]
tests/test_limit_overview.py::TestLimitOverview::test_a_free_plan_single_window_renders_alone PASSED [ 21%]
tests/test_limit_overview.py::TestLimitOverview::test_a_gated_window_says_what_blocks_it PASSED [ 21%]
tests/test_limit_overview.py::TestLimitOverview::test_a_reset_time_is_rendered_as_a_countdown PASSED [ 21%]
tests/test_limit_overview.py::TestLimitOverview::test_a_stale_snapshot_still_draws_its_numbers PASSED [ 21%]
tests/test_limit_overview.py::TestLimitOverview::test_an_unprobed_account_says_so PASSED [ 21%]
tests/test_limit_overview.py::TestLimitOverview::test_an_unreadable_account_states_its_error_instead_of_a_bar PASSED [ 21%]
tests/test_limit_overview.py::TestLimitOverview::test_banked_resets_creates_activate_button PASSED [ 21%]
tests/test_limit_overview.py::TestLimitOverview::test_banked_resets_row_and_header_rendered PASSED [ 21%]
tests/test_limit_overview.py::TestLimitOverview::test_banked_resets_singular_word PASSED [ 21%]
tests/test_limit_overview.py::TestLimitOverview::test_height_is_exact_so_the_panel_never_reflows PASSED [ 21%]
tests/test_limit_overview.py::TestLimitOverview::test_hidden_accounts_are_not_drawn PASSED [ 21%]
tests/test_limit_overview.py::TestLimitOverview::test_no_accounts_is_one_honest_note PASSED [ 21%]
tests/test_limit_overview.py::TestLimitOverview::test_one_row_per_window_grouped_by_account PASSED [ 21%]
tests/test_limit_overview.py::TestLimitOverview::test_painting_a_full_model_does_not_raise PASSED [ 21%]
tests/test_limit_overview.py::TestLimitFillDirection::test_a_gated_window_words_its_zero_both_ways PASSED [ 22%]
tests/test_limit_overview.py::TestLimitFillDirection::test_an_unknown_percentage_stays_unknown_in_both_modes PASSED [ 22%]
tests/test_limit_overview.py::TestLimitFillDirection::test_an_unknown_value_falls_back_to_remaining PASSED [ 22%]
tests/test_limit_overview.py::TestLimitFillDirection::test_remaining_is_the_default PASSED [ 22%]
tests/test_limit_overview.py::TestLimitFillDirection::test_the_caption_wording_follows_the_fill_direction PASSED [ 22%]
tests/test_limit_overview.py::TestLimitFillDirection::test_the_colour_still_follows_what_is_left PASSED [ 22%]
tests/test_limit_overview.py::TestLimitFillDirection::test_the_header_gauge_honours_the_same_setting PASSED [ 22%]
tests/test_limit_overview.py::TestLimitFillDirection::test_the_two_modes_ink_opposite_widths PASSED [ 22%]
tests/test_limit_overview.py::TestLimitSettingsOverviewTab::test_activate_reset_button_shows_when_banked_available PASSED [ 22%]
tests/test_limit_overview.py::TestLimitSettingsOverviewTab::test_limit_settings_dialog_resizability_and_geometry_persistence PASSED [ 22%]
tests/test_limit_overview.py::TestLimitSettingsOverviewTab::test_limit_settings_dialog_tabs_have_no_scrollbars_by_default PASSED [ 22%]
tests/test_limit_overview.py::TestLimitSettingsOverviewTab::test_limits_tab_is_first_and_holds_the_bars PASSED [ 22%]
tests/test_limits.py::test_the_freebuff_wording_reads_as_reached PASSED  [ 22%]
tests/test_limits.py::test_a_five_hour_window_with_a_reset_time PASSED   [ 22%]
tests/test_limits.py::test_a_reset_time_already_past_today_rolls_to_tomorrow PASSED [ 22%]
tests/test_limits.py::test_a_24_hour_clock_reset PASSED                  [ 22%]
tests/test_limits.py::test_a_relative_reset PASSED                       [ 22%]
tests/test_limits.py::test_relative_minutes_only PASSED                  [ 22%]
tests/test_limits.py::test_out_of_messages_counts PASSED                 [ 22%]
tests/test_limits.py::test_am_pm_noon_and_midnight_are_not_off_by_twelve PASSED [ 23%]
tests/test_limits.py::test_the_word_limit_alone_is_not_a_limit PASSED    [ 23%]
tests/test_limits.py::test_empty_and_none_are_clear PASSED               [ 23%]
tests/test_limits.py::test_a_negation_next_to_the_phrase_disqualifies_it PASSED [ 23%]
tests/test_limits.py::test_only_the_tail_of_a_transcript_is_read PASSED  [ 23%]
tests/test_limits.py::test_a_limit_at_the_very_end_is_seen PASSED        [ 23%]
tests/test_limits.py::test_a_bare_in_is_not_a_duration PASSED            [ 23%]
tests/test_limits.py::test_the_assumed_window_is_the_callers_guess_not_the_scanners PASSED [ 23%]
tests/test_limits.py::test_state_carries_what_it_matched_for_the_ui PASSED [ 23%]
tests/test_locked_window_geometry.py::test_locked_geometry_not_stale_after_placement PASSED [ 23%]
tests/test_locked_window_geometry.py::test_unlocked_geometry_not_affected PASSED [ 23%]
tests/test_logging.py::TestSetupLogger::test_returns_logger_instance PASSED [ 23%]
tests/test_logging.py::TestSetupLogger::test_logger_name_is_fastprompter PASSED [ 23%]
tests/test_logging.py::TestSetupLogger::test_logger_level_is_debug PASSED [ 23%]
tests/test_logging.py::TestSetupLogger::test_has_file_handler PASSED     [ 23%]
tests/test_logging.py::TestSetupLogger::test_file_handler_writes_to_temp_log PASSED [ 23%]
tests/test_logging.py::TestSetupLogger::test_has_stderr_handler PASSED   [ 23%]
tests/test_logging.py::TestSetupLogger::test_stderr_handler_level_is_warning PASSED [ 23%]
tests/test_logging.py::TestSetupLogger::test_idempotent PASSED           [ 23%]
tests/test_logging.py::TestSetupLogger::test_file_handler_rotation_config PASSED [ 24%]
tests/test_logging.py::TestSetupLogger::test_formatter_has_timestamp PASSED [ 24%]
tests/test_logging.py::TestLoggerSingleton::test_logger_is_configured PASSED [ 24%]
tests/test_logging.py::TestLoggerSingleton::test_logger_can_log PASSED   [ 24%]
tests/test_logging.py::TestLoggerSingleton::test_logger_writes_to_stderr PASSED [ 24%]
tests/test_logging.py::TestExceptionHook::test_does_not_crash PASSED     [ 24%]
tests/test_logging.py::TestExceptionHook::test_logs_critical_level PASSED [ 24%]
tests/test_logging.py::TestExceptionHook::test_writes_to_crash_file PASSED [ 24%]
tests/test_logging.py::TestExceptionHook::test_handles_systemexit PASSED [ 24%]
tests/test_logging.py::TestExceptionHook::test_handles_keyboardinterrupt PASSED [ 24%]
tests/test_logging.py::TestLogFileConstant::test_is_string PASSED        [ 24%]
tests/test_logging.py::TestLogFileConstant::test_ends_with_a_fastprompter_log PASSED [ 24%]
tests/test_logging.py::TestLogFileConstant::test_the_app_path_is_not_the_test_path PASSED [ 24%]
tests/test_logging.py::TestLogFileConstant::test_is_absolute_path PASSED [ 24%]
tests/test_main.py::test_project_tab_switch_does_not_push_all_bindings PASSED [ 24%]
tests/test_main.py::test_project_tab_switch_has_no_duplicate_silo_refresh PASSED [ 24%]
tests/test_main.py::test_warm_switch_has_no_whole_document_equality PASSED [ 24%]
tests/test_main.py::test_archive_render_does_not_trim_or_mutate_filesystem PASSED [ 24%]
tests/test_main.py::test_line_count_cache_reuses_text_generation PASSED  [ 24%]
tests/test_main.py::test_category_document_cache_obeys_character_budget PASSED [ 24%]
tests/test_main.py::test_new_document_never_inherits_evicted_loaded_token PASSED [ 25%]
tests/test_main.py::test_profile_cache_reset_drops_all_document_derived_state PASSED [ 25%]
tests/test_main.py::test_commit_current_text_reuses_revision_snapshot PASSED [ 25%]
tests/test_main.py::test_hidden_archive_refresh_never_scans_archive_text PASSED [ 25%]
tests/test_main.py::test_fingerprint_cache_separates_equal_revisions_by_document PASSED [ 25%]
tests/test_main.py::test_update_preview_does_not_extract_text_outside_reading_mode PASSED [ 25%]
tests/test_main.py::test_update_preview_accepts_navigation_snapshot PASSED [ 25%]
tests/test_main.py::TestSimpleMarkdownToHtml::test_plain_text PASSED     [ 25%]
tests/test_main.py::TestSimpleMarkdownToHtml::test_bold PASSED           [ 25%]
tests/test_main.py::TestSimpleMarkdownToHtml::test_italic PASSED         [ 25%]
tests/test_main.py::TestSimpleMarkdownToHtml::test_header_h1 PASSED      [ 25%]
tests/test_main.py::TestSimpleMarkdownToHtml::test_header_h2 PASSED      [ 25%]
tests/test_main.py::TestSimpleMarkdownToHtml::test_header_h3 PASSED      [ 25%]
tests/test_main.py::TestSimpleMarkdownToHtml::test_blockquote PASSED     [ 25%]
tests/test_main.py::TestSimpleMarkdownToHtml::test_horizontal_rule PASSED [ 25%]
tests/test_main.py::TestSimpleMarkdownToHtml::test_bullet_list PASSED    [ 25%]
tests/test_main.py::TestSimpleMarkdownToHtml::test_code_block PASSED     [ 25%]
tests/test_main.py::TestSimpleMarkdownToHtml::test_inline_code PASSED    [ 25%]
tests/test_main.py::TestSimpleMarkdownToHtml::test_link PASSED           [ 25%]
tests/test_main.py::TestSimpleMarkdownToHtml::test_html_escaping PASSED  [ 26%]
tests/test_main.py::TestSimpleMarkdownToHtml::test_empty_string PASSED   [ 26%]
tests/test_main.py::TestSimpleMarkdownToHtml::test_multiple_lines PASSED [ 26%]
tests/test_main.py::TestSimpleMarkdownToHtml::test_mixed_formatting PASSED [ 26%]
tests/test_main.py::TestSimpleMarkdownToHtml::test_bullet_with_formatting PASSED [ 26%]
tests/test_main.py::TestSimpleMarkdownToHtml::test_consecutive_headers PASSED [ 26%]
tests/test_markdown_highlighter.py::TestInit::test_default_base_size PASSED [ 26%]
tests/test_markdown_highlighter.py::TestInit::test_custom_base_size PASSED [ 26%]
tests/test_markdown_highlighter.py::TestInit::test_skip_highlighting_defaults_false PASSED [ 26%]
tests/test_markdown_highlighter.py::TestInit::test_theme_defaults_none PASSED [ 26%]
tests/test_markdown_highlighter.py::TestInit::test_rules_populated_after_init PASSED [ 26%]
tests/test_markdown_highlighter.py::TestInit::test_each_rule_is_pattern_format_tuple PASSED [ 26%]
tests/test_markdown_highlighter.py::TestUpdateBaseSize::test_updates_base_size PASSED [ 26%]
tests/test_markdown_highlighter.py::TestUpdateBaseSize::test_rebuilds_rules PASSED [ 26%]
tests/test_markdown_highlighter.py::TestUpdateBaseSize::test_rehighlight_clears_format_calls PASSED [ 26%]
tests/test_markdown_highlighter.py::TestUpdateTheme::test_sets_theme PASSED [ 26%]
tests/test_markdown_highlighter.py::TestUpdateTheme::test_rebuilds_rules PASSED [ 26%]
tests/test_markdown_highlighter.py::TestSetSkipLarge::test_skip_true PASSED [ 26%]
tests/test_markdown_highlighter.py::TestSetSkipLarge::test_skip_false PASSED [ 26%]
tests/test_markdown_highlighter.py::TestHighlightBlock::test_bold PASSED [ 27%]
tests/test_markdown_highlighter.py::TestHighlightBlock::test_italic_star PASSED [ 27%]
tests/test_markdown_highlighter.py::TestHighlightBlock::test_italic_underscore PASSED [ 27%]
tests/test_markdown_highlighter.py::TestHighlightBlock::test_underscore_inside_a_word_is_not_italic PASSED [ 27%]
tests/test_markdown_highlighter.py::TestHighlightBlock::test_header_h1 PASSED [ 27%]
tests/test_markdown_highlighter.py::TestHighlightBlock::test_header_h2 PASSED [ 27%]
tests/test_markdown_highlighter.py::TestHighlightBlock::test_header_h3 PASSED [ 27%]
tests/test_markdown_highlighter.py::TestHighlightBlock::test_inline_code PASSED [ 27%]
tests/test_markdown_highlighter.py::TestHighlightBlock::test_blockquote PASSED [ 27%]
tests/test_markdown_highlighter.py::TestHighlightBlock::test_link PASSED [ 27%]
tests/test_markdown_highlighter.py::TestHighlightBlock::test_bare_url_anchored PASSED [ 27%]
tests/test_markdown_highlighter.py::TestHighlightBlock::test_bare_url_not_reanchored_inside_markdown_link PASSED [ 27%]
tests/test_markdown_highlighter.py::TestHighlightBlock::test_horizontal_rule PASSED [ 27%]
tests/test_markdown_highlighter.py::TestHighlightBlock::test_checkbox_unchecked PASSED [ 27%]
tests/test_markdown_highlighter.py::TestHighlightBlock::test_checkbox_checked PASSED [ 27%]
tests/test_markdown_highlighter.py::TestHighlightBlock::test_bullet_list PASSED [ 27%]
tests/test_markdown_highlighter.py::TestHighlightBlock::test_numbered_list PASSED [ 27%]
tests/test_markdown_highlighter.py::TestHighlightBlock::test_no_matches_for_plain_text PASSED [ 27%]
tests/test_markdown_highlighter.py::TestHighlightBlock::test_empty_string PASSED [ 27%]
tests/test_markdown_highlighter.py::TestHighlightBlock::test_skip_highlighting_skips PASSED [ 27%]
tests/test_markdown_highlighter.py::TestHighlightBlock::test_degraded_skips_conceal_markers PASSED [ 28%]
tests/test_markdown_highlighter.py::TestHighlightBlock::test_multiple_matches_same_line PASSED [ 28%]
tests/test_markdown_highlighter_wave.py::test_header_formatted_on_small_doc PASSED [ 28%]
tests/test_markdown_highlighter_wave.py::test_header_formatted_on_large_degraded_doc PASSED [ 28%]
tests/test_markdown_highlighter_wave.py::test_degraded_skips_code_subhighlight_not_headers PASSED [ 28%]
tests/test_markdown_highlighter_wave.py::test_sync_helper_formats_headers_small PASSED [ 28%]
tests/test_markdown_highlighter_wave.py::test_sync_helper_formats_headers_large_degraded PASSED [ 28%]
tests/test_markdown_highlighter_wave.py::test_sync_helper_detaches_in_source_view PASSED [ 28%]
tests/test_markdown_highlighter_wave.py::test_headers_top_middle_and_below_viewport PASSED [ 28%]
tests/test_markdown_highlighter_wave.py::test_live_source_live_cycle_reformats_without_scroll PASSED [ 28%]
tests/test_markdown_highlighter_wave.py::test_small_large_small_silo_swap_keeps_headers PASSED [ 28%]
tests/test_markdown_highlighter_wave.py::test_conceal_toggle_keeps_headers_formatted PASSED [ 28%]
tests/test_markdown_highlighter_wave.py::test_edit_heading_reformats_on_sync PASSED [ 28%]
tests/test_markdown_highlighter_wave.py::test_sync_does_exactly_one_rehighlight PASSED [ 28%]
tests/test_markdown_highlighter_wave.py::test_sync_one_rehighlight_even_with_conceal_on PASSED [ 28%]
tests/test_markdown_highlighter_wave.py::test_sync_huge_document_detaches_without_rehighlight PASSED [ 28%]
tests/test_markdown_highlighter_wave.py::test_huge_mode_keeps_structure_without_rich_rule_pass PASSED [ 28%]
tests/test_missed_attention.py::test_a_fired_one_shot_still_nags PASSED  [ 28%]
tests/test_missed_attention.py::test_unknown_ids_are_ignored PASSED      [ 28%]
tests/test_missed_attention.py::test_deleted_timers_stop_nagging PASSED  [ 29%]
tests/test_missed_attention.py::test_disabled_timers_stop_nagging PASSED [ 29%]
tests/test_missed_attention.py::test_snoozed_timers_stop_nagging PASSED  [ 29%]
tests/test_missed_attention.py::test_repeating_timers_never_nag PASSED   [ 29%]
tests/test_missed_attention.py::test_future_targets_do_not_nag PASSED    [ 29%]
tests/test_mt9141_audit.py::TestCore001Resolver::test_exact_absolute_link_matches_own_record_only PASSED [ 29%]
tests/test_mt9141_audit.py::TestCore001Resolver::test_legacy_basename_fallback_consumes_one PASSED [ 29%]
tests/test_mt9141_audit.py::TestCore001Resolver::test_no_match_leaves_log_untouched PASSED [ 29%]
tests/test_mt9141_audit.py::TestCore001Resolver::test_missing_trash_dir_is_not_recoverable PASSED [ 29%]
tests/test_mt9141_audit.py::TestCore001Resolver::test_restore_new_format_returns_assets_to_slot PASSED [ 29%]
tests/test_mt9141_audit.py::TestJournal::test_two_moves_keep_two_journal_records PASSED [ 29%]
tests/test_mt9141_audit.py::TestJournal::test_write_failure_refuses_move PASSED [ 29%]
tests/test_mt9141_audit.py::TestJournal::test_reconcile_rolls_back_uncommitted_deletion PASSED [ 29%]
tests/test_mt9141_audit.py::TestJournal::test_reconcile_adopts_committed_deletion_until_ack PASSED [ 29%]
tests/test_mt9141_audit.py::TestJournal::test_rollback_purges_durable_claim PASSED [ 29%]
tests/test_mt9141_audit.py::TestJournal::test_legacy_v1_journal_migrates PASSED [ 29%]
tests/test_mt9141_audit.py::TestW2005Consumed::test_consumed_source_not_listed PASSED [ 29%]
tests/test_path_safety.py::test_valid_names_pass_unchanged[note.txt-note.txt] PASSED [ 29%]
tests/test_path_safety.py::test_valid_names_pass_unchanged[\u043f\u0440\u043e\u0441\u0442\u043e \u0437\u0430\u043c\u0435\u0442\u043a\u0430.txt-\u043f\u0440\u043e\u0441\u0442\u043e \u0437\u0430\u043c\u0435\u0442\u043a\u0430.txt] PASSED [ 29%]
tests/test_path_safety.py::test_valid_names_pass_unchanged[my notes.txt-my notes.txt] PASSED [ 30%]
tests/test_path_safety.py::test_valid_names_pass_unchanged[dash-name-dash-name] PASSED [ 30%]
tests/test_path_safety.py::test_valid_names_pass_unchanged[a_b-a_b] PASSED [ 30%]
tests/test_path_safety.py::test_valid_names_pass_unchanged[..evil-..evil] PASSED [ 30%]
tests/test_path_safety.py::test_valid_names_pass_unchanged[a..b-a..b] PASSED [ 30%]
tests/test_path_safety.py::test_valid_names_pass_unchanged[clip 2026-01-01-clip 2026-01-01] PASSED [ 30%]
tests/test_path_safety.py::test_trailing_dots_and_spaces_are_normalized PASSED [ 30%]
tests/test_path_safety.py::test_unsafe_names_are_rejected[] PASSED       [ 30%]
tests/test_path_safety.py::test_unsafe_names_are_rejected[.] PASSED      [ 30%]
tests/test_path_safety.py::test_unsafe_names_are_rejected[..] PASSED     [ 30%]
tests/test_path_safety.py::test_unsafe_names_are_rejected[../x] PASSED   [ 30%]
tests/test_path_safety.py::test_unsafe_names_are_rejected[..\\x] PASSED  [ 30%]
tests/test_path_safety.py::test_unsafe_names_are_rejected[..\\..\\x] PASSED [ 30%]
tests/test_path_safety.py::test_unsafe_names_are_rejected[a/..\\b] PASSED [ 30%]
tests/test_path_safety.py::test_unsafe_names_are_rejected[a/b] PASSED    [ 30%]
tests/test_path_safety.py::test_unsafe_names_are_rejected[a\\b] PASSED   [ 30%]
tests/test_path_safety.py::test_unsafe_names_are_rejected[foo:bar] PASSED [ 30%]
tests/test_path_safety.py::test_unsafe_names_are_rejected[C:\\evil.txt] PASSED [ 30%]
tests/test_path_safety.py::test_unsafe_names_are_rejected[c:/evil.txt] PASSED [ 30%]
tests/test_path_safety.py::test_unsafe_names_are_rejected[\\evil] PASSED [ 30%]
tests/test_path_safety.py::test_unsafe_names_are_rejected[/evil] PASSED  [ 31%]
tests/test_path_safety.py::test_unsafe_names_are_rejected[\\\\server\\share\\evil] PASSED [ 31%]
tests/test_path_safety.py::test_unsafe_names_are_rejected[\\\\?\\C:\\evil] PASSED [ 31%]
tests/test_path_safety.py::test_unsafe_names_are_rejected[CON] PASSED    [ 31%]
tests/test_path_safety.py::test_unsafe_names_are_rejected[con] PASSED    [ 31%]
tests/test_path_safety.py::test_unsafe_names_are_rejected[CON.txt] PASSED [ 31%]
tests/test_path_safety.py::test_unsafe_names_are_rejected[NUL] PASSED    [ 31%]
tests/test_path_safety.py::test_unsafe_names_are_rejected[prn] PASSED    [ 31%]
tests/test_path_safety.py::test_unsafe_names_are_rejected[aux.bin] PASSED [ 31%]
tests/test_path_safety.py::test_unsafe_names_are_rejected[COM1] PASSED   [ 31%]
tests/test_path_safety.py::test_unsafe_names_are_rejected[com9] PASSED   [ 31%]
tests/test_path_safety.py::test_unsafe_names_are_rejected[LPT3] PASSED   [ 31%]
tests/test_path_safety.py::test_unsafe_names_are_rejected[lpt8.txt] PASSED [ 31%]
tests/test_path_safety.py::test_unsafe_names_are_rejected[name\x00x] PASSED [ 31%]
tests/test_path_safety.py::test_unsafe_names_are_rejected[a\tb] PASSED   [ 31%]
tests/test_path_safety.py::test_drive_qualified_never_discards_root PASSED [ 31%]
tests/test_path_safety.py::test_safe_join_containment PASSED             [ 31%]
tests/test_path_safety.py::test_safe_join_cannot_escape_via_traversal PASSED [ 31%]
tests/test_path_safety.py::test_is_within_uses_canonical_paths PASSED    [ 31%]
tests/test_path_safety.py::test_case_insensitive_drive_letter PASSED     [ 32%]
tests/test_path_safety.py::test_nested_traversal_in_component PASSED     [ 32%]
tests/test_path_safety.py::test_no_file_is_written_outside_root PASSED   [ 32%]
tests/test_path_safety.py::test_empty_captured_root_identity_fails_closed PASSED [ 32%]
tests/test_path_safety.py::TestFsComponent::test_valid_names_are_preserved_verbatim[normal] PASSED [ 32%]
tests/test_path_safety.py::TestFsComponent::test_valid_names_are_preserved_verbatim[with spaces] PASSED [ 32%]
tests/test_path_safety.py::TestFsComponent::test_valid_names_are_preserved_verbatim[\u041f\u0440\u043e\u0435\u043a\u0442] PASSED [ 32%]
tests/test_path_safety.py::TestFsComponent::test_valid_names_are_preserved_verbatim[\xdclesanne] PASSED [ 32%]
tests/test_path_safety.py::TestFsComponent::test_valid_names_are_preserved_verbatim[\u65e5\u672c\u8a9e] PASSED [ 32%]
tests/test_path_safety.py::TestFsComponent::test_valid_names_are_preserved_verbatim[emoji \U0001f3af ok] PASSED [ 32%]
tests/test_path_safety.py::TestFsComponent::test_valid_names_are_preserved_verbatim[dots.in.middle] PASSED [ 32%]
tests/test_path_safety.py::TestFsComponent::test_hostile_names_are_encoded_not_aliased[..] PASSED [ 32%]
tests/test_path_safety.py::TestFsComponent::test_hostile_names_are_encoded_not_aliased[../x] PASSED [ 32%]
tests/test_path_safety.py::TestFsComponent::test_hostile_names_are_encoded_not_aliased[..\\x] PASSED [ 32%]
tests/test_path_safety.py::TestFsComponent::test_hostile_names_are_encoded_not_aliased[C:\\evil] PASSED [ 32%]
tests/test_path_safety.py::TestFsComponent::test_hostile_names_are_encoded_not_aliased[c:/evil] PASSED [ 32%]
tests/test_path_safety.py::TestFsComponent::test_hostile_names_are_encoded_not_aliased[\\abs] PASSED [ 32%]
tests/test_path_safety.py::TestFsComponent::test_hostile_names_are_encoded_not_aliased[/abs] PASSED [ 32%]
tests/test_path_safety.py::TestFsComponent::test_hostile_names_are_encoded_not_aliased[\\\\server\\share] PASSED [ 32%]
tests/test_path_safety.py::TestFsComponent::test_hostile_names_are_encoded_not_aliased[A:B] PASSED [ 33%]
tests/test_path_safety.py::TestFsComponent::test_hostile_names_are_encoded_not_aliased[A?B] PASSED [ 33%]
tests/test_path_safety.py::TestFsComponent::test_hostile_names_are_encoded_not_aliased[CON] PASSED [ 33%]
tests/test_path_safety.py::TestFsComponent::test_hostile_names_are_encoded_not_aliased[nul] PASSED [ 33%]
tests/test_path_safety.py::TestFsComponent::test_hostile_names_are_encoded_not_aliased[name\x00ctrl] PASSED [ 33%]
tests/test_path_safety.py::TestFsComponent::test_hostile_names_are_encoded_not_aliased[a/b] PASSED [ 33%]
tests/test_path_safety.py::TestFsComponent::test_trailing_dot_space_is_normalized_not_aliased PASSED [ 33%]
tests/test_path_safety.py::TestFsComponent::test_distinct_logical_names_never_collapse PASSED [ 33%]
tests/test_path_safety.py::TestFsComponent::test_readable_prefix_is_kept PASSED [ 33%]
tests/test_path_safety.py::TestFsComponent::test_long_names_stay_distinct PASSED [ 33%]
tests/test_path_safety.py::TestAllocFsNames::test_case_only_names_are_disambiguated PASSED [ 33%]
tests/test_path_safety.py::TestAllocFsNames::test_deterministic_for_the_same_set PASSED [ 33%]
tests/test_path_safety.py::TestAllocFsNames::test_distinct_names_never_share_a_component PASSED [ 33%]
tests/test_path_safety.py::TestAllocFsNames::test_components_are_safe_and_contained PASSED [ 33%]
tests/test_path_safety.py::TestReparseContainment::test_junction_escape_is_rejected PASSED [ 33%]
tests/test_path_safety.py::TestReparseContainment::test_ordinary_nested_directory_passes PASSED [ 33%]
tests/test_path_safety.py::TestReparseContainment::test_junction_inside_root_passes PASSED [ 33%]
tests/test_path_safety.py::TestReparseContainment::test_root_chosen_through_an_alias PASSED [ 33%]
tests/test_path_safety.py::TestReparseContainment::test_replacing_root_itself_invalidates_captured_identity PASSED [ 33%]
tests/test_paths.py::TestGetBaseDir::test_returns_string PASSED          [ 33%]
tests/test_paths.py::TestGetBaseDir::test_returns_absolute_path PASSED   [ 34%]
tests/test_paths.py::TestGetBaseDir::test_contains_project_name PASSED   [ 34%]
tests/test_paths.py::TestGetBaseDir::test_traverses_up_from_utils PASSED [ 34%]
tests/test_paths.py::TestGetDataDir::test_returns_string PASSED          [ 34%]
tests/test_paths.py::TestGetDataDir::test_returns_absolute_path PASSED   [ 34%]
tests/test_paths.py::TestGetDataDir::test_ends_with_data_dirname PASSED  [ 34%]
tests/test_paths.py::TestGetDataDir::test_creates_directory PASSED       [ 34%]
tests/test_paths.py::TestGetDbPath::test_default_profile PASSED          [ 34%]
tests/test_paths.py::TestGetDbPath::test_custom_profile PASSED           [ 34%]
tests/test_paths.py::TestGetDbPath::test_profile_3 PASSED                [ 34%]
tests/test_paths.py::TestGetDbPath::test_data_dir_contains_db PASSED     [ 34%]
tests/test_paths.py::TestGetResourcePath::test_single_component PASSED   [ 34%]
tests/test_paths.py::TestGetResourcePath::test_existing_resource_prefers_the_package_dir PASSED [ 34%]
tests/test_paths.py::TestGetResourcePath::test_multiple_components PASSED [ 34%]
tests/test_paths.py::TestGetResourcePath::test_sound_dir_resolves_to_existing_files PASSED [ 34%]
tests/test_paths.py::TestGetResourcePath::test_no_components PASSED      [ 34%]
tests/test_paths.py::TestExistsWithin::test_answers_a_real_path PASSED   [ 34%]
tests/test_paths.py::TestExistsWithin::test_answers_a_missing_path PASSED [ 34%]
tests/test_paths.py::TestExistsWithin::test_a_hanging_probe_is_abandoned_not_awaited PASSED [ 34%]
tests/test_paths.py::TestExistsWithin::test_timeout_is_not_charged_to_ordinary_paths PASSED [ 35%]
tests/test_paths.py::TestExistsWithin::test_isdir_within_answers_a_real_directory PASSED [ 35%]
tests/test_paths.py::TestExistsWithin::test_isdir_within_rejects_a_file PASSED [ 35%]
tests/test_paths.py::TestExistsWithin::test_isdir_within_is_bounded_too PASSED [ 35%]
tests/test_paths.py::TestBoundedProbePool::test_100_calls_cannot_spawn_more_than_max_probes PASSED [ 35%]
tests/test_paths.py::TestBoundedProbePool::test_duplicate_path_does_not_spawn_duplicate_probes PASSED [ 35%]
tests/test_paths.py::TestBoundedProbePool::test_capacity_recovers_when_probes_complete PASSED [ 35%]
tests/test_paths.py::test_t1017_translation_sync_path_isolation PASSED   [ 35%]
tests/test_paths.py::test_t1017_inject_translations_path_isolation PASSED [ 35%]
tests/test_paths.py::test_t1017_validate_saitranslate_path_isolation PASSED [ 35%]
tests/test_perf001_noop_save.py::test_productivity_noop_no_dirty PASSED  [ 35%]
tests/test_perf001_noop_save.py::test_productivity_real_change_dirties_once PASSED [ 35%]
tests/test_perf001_noop_save.py::test_timers_noop_no_dirty PASSED        [ 35%]
tests/test_perf001_noop_save.py::test_timers_real_change_dirties_once PASSED [ 35%]
tests/test_perf002_sound_inventory.py::test_inventory_built_once PASSED  [ 35%]
tests/test_perf002_sound_inventory.py::test_inventory_independent_per_dialog PASSED [ 35%]
tests/test_perf003_active_tab_refresh.py::test_refresh_runs_only_active_tab PASSED [ 35%]
tests/test_perf003_active_tab_refresh.py::test_refresh_skips_a_page_without_periodic_work PASSED [ 35%]
tests/test_perf003_active_tab_refresh.py::test_oracle_rejects_a_refresh_that_touches_every_tab PASSED [ 35%]
tests/test_perf003_active_tab_refresh.py::test_refresh_with_select_id_is_full_catch_up PASSED [ 36%]
tests/test_perf003_active_tab_refresh.py::test_on_tab_changed_performs_catch_up PASSED [ 36%]
tests/test_perf004_hidden_date_gate.py::test_hidden_does_no_visual_work PASSED [ 36%]
tests/test_perf004_hidden_date_gate.py::test_visible_does_full_visual_work PASSED [ 36%]
tests/test_perf004_hidden_date_gate.py::test_date_rect_off_retracts_availability_instead_of_hiding PASSED [ 36%]
tests/test_perf004_hidden_date_gate.py::test_scheduler_not_gated PASSED  [ 36%]
tests/test_perf004_hidden_date_gate.py::test_show_event_catch_up PASSED  [ 36%]
tests/test_perf005_scaled_cache.py::test_bounded_cache_stays_below_cap PASSED [ 36%]
tests/test_perf005_scaled_cache.py::test_bounded_cache_keeps_recent PASSED [ 36%]
tests/test_perf005_scaled_cache.py::test_prune_removes_oldest_files PASSED [ 36%]
tests/test_perf005_scaled_cache.py::test_prune_protects_just_written_file PASSED [ 36%]
tests/test_perf006_folder_cache_bounds.py::test_file_count_cache_bounded PASSED [ 36%]
tests/test_perf006_folder_cache_bounds.py::test_tooltip_cache_bounded PASSED [ 36%]
tests/test_perf006_folder_cache_bounds.py::test_folder_summary_evicts_after_empty_insert PASSED [ 36%]
tests/test_perf006_folder_cache_bounds.py::test_prune_only_runs_when_over_threshold PASSED [ 36%]
tests/test_performance.py::test_save_performance_delta PASSED            [ 36%]
tests/test_performance_tickets.py::test_settings_dirty_does_not_touch_data_domains PASSED [ 36%]
tests/test_performance_tickets.py::test_snapshot_text_size_counts_snippet_text PASSED [ 36%]
tests/test_performance_tickets.py::test_switch_undo_is_compact_not_full_snapshot PASSED [ 36%]
tests/test_performance_tickets.py::test_backup_capture_coalesced_while_active PASSED [ 36%]
tests/test_performance_tickets.py::test_deferred_redispatch_failure_keeps_newest_retryable PASSED [ 37%]
tests/test_performance_tickets.py::test_sync_latest_requested_retired_after_publish PASSED [ 37%]
tests/test_performance_tickets.py::test_sync_latest_requested_kept_for_newer_owner PASSED [ 37%]
tests/test_pie_menu.py::TestInit::test_stores_main_win PASSED            [ 37%]
tests/test_pie_menu.py::TestInit::test_sets_popup_flags PASSED           [ 37%]
tests/test_pie_menu.py::TestInit::test_sets_translucent_background PASSED [ 37%]
tests/test_pie_menu.py::TestInit::test_sets_delete_on_close PASSED       [ 37%]
tests/test_pie_menu.py::TestInit::test_uses_current_cat_from_main_win PASSED [ 37%]
tests/test_pie_menu.py::TestInit::test_falls_back_to_first_category PASSED [ 37%]
tests/test_pie_menu.py::TestInit::test_empty_cats_does_not_crash PASSED  [ 37%]
tests/test_pie_menu.py::TestInitUi::test_clears_existing_layout PASSED   [ 37%]
tests/test_pie_menu.py::TestInitUi::test_adds_category_buttons PASSED    [ 37%]
tests/test_pie_menu.py::TestInitUi::test_adds_snippet_buttons_for_current_cat PASSED [ 37%]
tests/test_pie_menu.py::TestInitUi::test_limits_to_10_snippets PASSED    [ 37%]
tests/test_pie_menu.py::TestInitUi::test_empty_cats_returns_early PASSED [ 37%]
tests/test_pie_menu.py::TestInitUi::test_adds_timer_for_adjust_size PASSED [ 37%]
tests/test_pie_menu.py::TestCenterOnCursor::test_moves_to_center_of_cursor PASSED [ 37%]
tests/test_pie_menu.py::TestSwitchCat::test_updates_current_cat PASSED   [ 37%]
tests/test_pie_menu.py::TestSwitchCat::test_rebuilds_ui PASSED           [ 37%]
tests/test_pie_menu.py::TestKeyPressEvent::test_escape_closes_widget PASSED [ 38%]
tests/test_pie_menu.py::TestKeyPressEvent::test_other_keys_delegate_to_super PASSED [ 38%]
tests/test_pomodoro.py::test_format_clock_reads_as_a_clock PASSED        [ 38%]
tests/test_pomodoro.py::test_a_new_timer_is_idle_on_a_full_work_phase PASSED [ 38%]
tests/test_pomodoro.py::test_an_idle_timer_does_not_count_down PASSED    [ 38%]
tests/test_pomodoro.py::test_toggle_walks_start_pause_resume PASSED      [ 38%]
tests/test_pomodoro.py::test_reset_returns_to_a_stopped_work_phase PASSED [ 38%]
tests/test_pomodoro.py::test_work_hands_off_to_the_break_and_back PASSED [ 38%]
tests/test_pomodoro.py::test_without_breaks_it_stops_after_the_work_phase PASSED [ 38%]
tests/test_pomodoro.py::test_skip_phase_jumps_without_waiting PASSED     [ 38%]
tests/test_pomodoro.py::test_time_is_taken_from_the_clock_not_from_tick_counts PASSED [ 38%]
tests/test_pomodoro.py::test_one_long_stall_can_cross_several_phases PASSED [ 38%]
tests/test_pomodoro.py::test_a_stall_leaves_the_remainder_exact PASSED   [ 38%]
tests/test_pomodoro.py::test_nonsense_elapsed_values_are_ignored PASSED  [ 38%]
tests/test_pomodoro.py::test_the_alarm_stays_pending_until_acknowledged PASSED [ 38%]
tests/test_pomodoro.py::test_starting_acknowledges_a_ringing_alarm PASSED [ 38%]
tests/test_pomodoro.py::test_repeat_alarm_off_never_leaves_one_ringing PASSED [ 38%]
tests/test_pomodoro.py::test_a_phase_can_never_be_zero_length PASSED     [ 38%]
tests/test_pomodoro.py::test_editing_durations_while_running_keeps_the_time_served PASSED [ 38%]
tests/test_pomodoro.py::test_editing_durations_while_idle_snaps_to_the_new_length PASSED [ 39%]
tests/test_pomodoro.py::test_shortening_below_the_remainder_clamps_it PASSED [ 39%]
tests/test_pomodoro.py::test_progress_runs_from_zero_to_one PASSED       [ 39%]
tests/test_pomodoro.py::test_describe_says_what_is_happening PASSED      [ 39%]
tests/test_pomodoro.py::test_settings_survive_a_round_trip_but_the_run_state_does_not PASSED [ 39%]
tests/test_pomodoro.py::test_corrupt_saved_state_does_not_take_the_timer_down PASSED [ 39%]
tests/test_pomodoro.py::test_module_exposes_its_defaults PASSED          [ 39%]
tests/test_pomodoro.py::test_productivity_sound_settings_and_persistence PASSED [ 39%]
tests/test_portable_backup.py::TestCompletionSemantics::test_successful_snapshot_is_complete PASSED [ 39%]
tests/test_portable_backup.py::TestCompletionSemantics::test_no_partial_dir_left_after_success PASSED [ 39%]
tests/test_portable_backup.py::TestCompletionSemantics::test_failed_silo_write_has_no_complete_marker PASSED [ 39%]
tests/test_portable_backup.py::TestCompletionSemantics::test_failed_manifest_write_has_no_complete_marker PASSED [ 39%]
tests/test_portable_backup.py::TestCompletionSemantics::test_failed_snapshot_keeps_previous_good_one PASSED [ 39%]
tests/test_portable_backup.py::TestCompletionSemantics::test_failed_export_does_not_throttle_retry PASSED [ 39%]
tests/test_portable_backup.py::TestCollisionResistantIdentity::test_hostile_and_case_names_export_to_distinct_dirs PASSED [ 39%]
tests/test_portable_backup.py::TestCollisionResistantIdentity::test_unicode_projects_stay_inside_and_distinct PASSED [ 39%]
tests/test_portable_backup.py::TestPublicationRollback::test_new_publish_failure_restores_previous_generation PASSED [ 39%]
tests/test_portable_backup.py::TestPublicationRollback::test_first_publish_with_no_previous_day PASSED [ 39%]
tests/test_portable_backup.py::TestPublicationRollback::test_successful_republication_leaves_no_rollback PASSED [ 39%]
tests/test_portable_backup.py::TestPublicationRollback::test_failed_old_relocation_keeps_previous_and_drops_new PASSED [ 39%]
tests/test_portable_backup.py::TestAsyncDispatch::test_snapshot_is_a_deep_copy PASSED [ 40%]
tests/test_portable_backup.py::TestAsyncDispatch::test_sink_receives_immutable_snapshot PASSED [ 40%]
tests/test_portable_backup.py::TestAsyncDispatch::test_without_sink_runs_synchronously PASSED [ 40%]
tests/test_portable_backup.py::TestAsyncDispatch::test_mark_success_advances_throttle PASSED [ 40%]
tests/test_portable_backup.py::test_coalescing_preserves_content_gen PASSED [ 40%]
tests/test_portable_backup_publish.py::test_publish_double_failure_preserves_both_generations PASSED [ 40%]
tests/test_portable_backup_publish.py::test_publish_single_failure_keeps_old_and_drops_new PASSED [ 40%]
tests/test_portable_backup_publish.py::test_publish_restore_success_preserves_complete_new_generation PASSED [ 40%]
tests/test_portable_backup_publish.py::test_publish_success_swaps_and_discards_old PASSED [ 40%]
tests/test_profile_switch_atomic.py::test_switch_refuses_when_a_save_fails PASSED [ 40%]
tests/test_profile_switch_atomic.py::test_switch_restores_a_when_b_load_fails PASSED [ 40%]
tests/test_profile_switch_atomic.py::test_switch_commit_only_after_b_loads PASSED [ 40%]
tests/test_project_sync.py::test_include_extension_list_parsing PASSED   [ 40%]
tests/test_project_sync.py::test_exclude_matches_path_components PASSED  [ 40%]
tests/test_project_sync.py::test_exclude_wildcards_match_basenames PASSED [ 40%]
tests/test_project_sync.py::test_is_text_file PASSED                     [ 40%]
tests/test_project_sync.py::test_resolve_relative_path_rejects_escape_and_accepts_nested PASSED [ 40%]
tests/test_project_sync.py::test_resolve_relative_path_preserves_whitespace_filenames PASSED [ 40%]
tests/test_project_sync.py::test_resolve_relative_path_rejects_symlink_escape PASSED [ 40%]
tests/test_project_sync.py::test_scan_folder_recursive PASSED            [ 41%]
tests/test_project_sync.py::test_scan_folder_excludes_directories PASSED [ 41%]
tests/test_project_sync.py::test_scan_folder_flat_mode PASSED            [ 41%]
tests/test_project_sync.py::test_scan_folder_skips_huge_files PASSED     [ 41%]
tests/test_project_sync.py::test_read_text_file_normalises_eol PASSED    [ 41%]
tests/test_project_sync.py::test_read_text_file_removes_utf8_bom PASSED  [ 41%]
tests/test_project_sync.py::test_read_text_file_binary_and_huge_are_skipped PASSED [ 41%]
tests/test_project_sync.py::test_read_text_file_non_utf8_fails_closed_and_preserves_bytes PASSED [ 41%]
tests/test_project_sync.py::test_write_text_file_applies_eol_and_roundtrips PASSED [ 41%]
tests/test_project_sync.py::test_write_text_file_preserves_utf8_bom PASSED [ 41%]
tests/test_project_sync.py::test_write_text_file_adds_no_bom_by_default PASSED [ 41%]
tests/test_project_sync.py::test_write_text_file_leaves_no_temp_file PASSED [ 41%]
tests/test_project_sync.py::test_write_text_file_fails_cleanly_on_bad_dir PASSED [ 41%]
tests/test_project_sync.py::test_detect_eol_majority PASSED              [ 41%]
tests/test_project_sync.py::test_free_slots_starts_at_end_and_honours_cap PASSED [ 41%]
tests/test_project_sync.py::test_free_slots_skips_claimed_gaps PASSED    [ 41%]
tests/test_project_sync.py::test_read_text_file_bounded_reading PASSED   [ 41%]
tests/test_project_sync.py::test_special_basename_include PASSED         [ 41%]
tests/test_project_sync.py::test_is_sync_eligible_is_stable_under_transient_state PASSED [ 41%]
tests/test_project_sync.py::test_scan_folder_exclude_paths_skips_already_mapped PASSED [ 42%]
tests/test_project_sync.py::test_scan_folder_cancellation_returns_empty PASSED [ 42%]
tests/test_project_sync.py::test_scan_folder_uses_is_sync_eligible_for_recursive_filter PASSED [ 42%]
tests/test_project_sync.py::test_scan_folder_exclude_paths_normalizes_separators PASSED [ 42%]
tests/test_release_safety.py::test_no_assert_statements_in_production_code PASSED [ 42%]
tests/test_release_version.py::test_canonical_version_is_well_formed PASSED [ 42%]
tests/test_release_version.py::test_version_agrees_everywhere PASSED     [ 42%]
tests/test_release_version.py::test_sync_tool_reports_already_synced PASSED [ 42%]
tests/test_release_version.py::test_release_tool_aborts_on_provenance_mismatch PASSED [ 42%]
tests/test_release_version.py::test_release_tool_proceeds_on_provenance_match PASSED [ 42%]
tests/test_restore.py::TestValidateDatabase::test_garbage_file_is_rejected PASSED [ 42%]
tests/test_restore.py::TestValidateDatabase::test_truncated_database_is_rejected PASSED [ 42%]
tests/test_restore.py::TestValidateDatabase::test_future_schema_is_rejected PASSED [ 42%]
tests/test_restore.py::TestValidateDatabase::test_missing_tables_rejected PASSED [ 42%]
tests/test_restore.py::TestValidateDatabase::test_valid_database_returns_version PASSED [ 42%]
tests/test_restore.py::TestValidateDatabase::test_legacy_v0_database_is_accepted PASSED [ 42%]
tests/test_restore.py::TestSchemaInvariants::test_legacy_v0_missing_silo_columns_rejected PASSED [ 42%]
tests/test_restore.py::TestSchemaInvariants::test_legacy_v0_missing_archive_columns_rejected_if_present PASSED [ 42%]
tests/test_restore.py::TestSchemaInvariants::test_v1_missing_settings_pk_rejected PASSED [ 42%]
tests/test_restore.py::TestSchemaInvariants::test_v1_missing_presets_pk_rejected PASSED [ 42%]
tests/test_restore.py::TestSchemaInvariants::test_canonical_v1_accepted_after_strengthening PASSED [ 43%]
tests/test_restore.py::TestSchemaInvariants::test_repeated_settings_write_leaves_one_row PASSED [ 43%]
tests/test_restore.py::TestSameFile::test_same_path_rejected PASSED      [ 43%]
tests/test_restore.py::TestSameFile::test_alternate_path_rejected PASSED [ 43%]
tests/test_restore.py::TestRestoreDatabase::test_failed_restore_leaves_live_db_untouched PASSED [ 43%]
tests/test_restore.py::TestRestoreDatabase::test_missing_source_rejected_without_touching_live PASSED [ 43%]
tests/test_restore.py::TestRestoreDatabase::test_future_schema_source_refused_and_live_untouched PASSED [ 43%]
tests/test_restore.py::TestRestoreDatabase::test_successful_restore_replaces_and_round_trips PASSED [ 43%]
tests/test_restore.py::TestRestoreDatabase::test_restored_db_loads_via_state PASSED [ 43%]
tests/test_restore.py::TestRestoreDatabase::test_backup_api_failure_does_not_touch_live PASSED [ 43%]
tests/test_restore.py::TestRestoreSidecarRollback::test_ordinary_swap_failure_restores_all_sidecars PASSED [ 43%]
tests/test_restore.py::TestRestoreSidecarRollback::test_fatal_swap_and_rollback_failure_recovers PASSED [ 43%]
tests/test_restore.py::TestRestoreSidecarRollback::test_early_quarantine_failure_with_rollback_failure_is_fatal PASSED [ 43%]
tests/test_restore.py::TestRestoreSidecarRollback::test_early_quarantine_failure_rollback_ok_is_ordinary PASSED [ 43%]
tests/test_restore.py::TestRestoreSidecarRollback::test_unrepaired_fatal_reports_false_and_preserves_safety PASSED [ 43%]
tests/test_resync_keys.py::test_resync_registry_keys_are_canonical_used_keys PASSED [ 43%]
tests/test_resync_keys.py::test_resync_nine_specific_keys_are_canonical PASSED [ 43%]
tests/test_resync_keys.py::test_resync_has_no_stale_sound_or_legacy_keys PASSED [ 43%]
tests/test_resync_keys.py::test_sound_enabled_alias_removed_from_defaults PASSED [ 43%]
tests/test_save_contract.py::test_save_returns_true_on_clean_commit PASSED [ 44%]
tests/test_save_contract.py::test_save_returns_true_when_nothing_changed PASSED [ 44%]
tests/test_save_contract.py::test_save_returns_false_when_connection_missing PASSED [ 44%]
tests/test_save_contract.py::test_save_returns_false_when_commit_fails PASSED [ 44%]
tests/test_save_contract.py::test_failed_save_never_triggers_portable_backup PASSED [ 44%]
tests/test_save_contract.py::test_successful_save_triggers_portable_backup PASSED [ 44%]
tests/test_scaling_mixin.py::TestButtonBaseHeights::test_all_essential_buttons_present PASSED [ 44%]
tests/test_scaling_mixin.py::TestButtonBaseHeights::test_all_heights_are_positive PASSED [ 44%]
tests/test_scaling_mixin.py::TestButtonBaseHeights::test_all_heights_are_integers PASSED [ 44%]
tests/test_scaling_mixin.py::TestButtonBaseHeights::test_has_enough_buttons PASSED [ 44%]
tests/test_scaling_mixin.py::TestButtonBaseHeights::test_common_buttons_have_reasonable_heights PASSED [ 44%]
tests/test_scaling_mixin.py::TestButtonBaseHeights::test_smaller_buttons_have_lower_heights PASSED [ 44%]
tests/test_scaling_mixin.py::TestWidthScaleNames::test_all_format_buttons_present PASSED [ 44%]
tests/test_scaling_mixin.py::TestWidthScaleNames::test_all_search_buttons_present PASSED [ 44%]
tests/test_scaling_mixin.py::TestWidthScaleNames::test_total_count PASSED [ 44%]
tests/test_scaling_mixin.py::TestWidthScaleNames::test_no_duplicates PASSED [ 44%]
tests/test_scaling_mixin.py::TestCycleButtonScale::test_cycles_to_next_scale PASSED [ 44%]
tests/test_scaling_mixin.py::TestCycleButtonScale::test_cycles_wraps_around PASSED [ 44%]
tests/test_scaling_mixin.py::TestCycleButtonScale::test_unknown_scale_defaults_to_1_0 PASSED [ 44%]
tests/test_scaling_mixin.py::TestCycleButtonScale::test_persistence_called PASSED [ 45%]
tests/test_scaling_mixin.py::TestCycleButtonScale::test_button_text_updated PASSED [ 45%]
tests/test_scaling_mixin.py::TestCycleButtonScale::test_cycles_from_0_75 PASSED [ 45%]
tests/test_scaling_mixin.py::TestApplyButtonSize::test_base_size_stored PASSED [ 45%]
tests/test_scaling_mixin.py::TestApplyButtonSize::test_scale_applied_to_width_height PASSED [ 45%]
tests/test_scaling_mixin.py::TestApplyButtonSize::test_scale_minimum_clamp PASSED [ 45%]
tests/test_scaling_mixin.py::TestApplyButtonSize::test_squishable_uses_max_height PASSED [ 45%]
tests/test_scaling_mixin.py::TestApplyButtonSize::test_missing_button_scale_falls_back_to_1 PASSED [ 45%]
tests/test_scaling_mixin.py::TestAdjustFontSize::test_increases_size PASSED [ 45%]
tests/test_scaling_mixin.py::TestAdjustFontSize::test_decreases_size PASSED [ 45%]
tests/test_scaling_mixin.py::TestAdjustFontSize::test_clamps_at_minimum PASSED [ 45%]
tests/test_scaling_mixin.py::TestAdjustFontSize::test_clamps_at_maximum PASSED [ 45%]
tests/test_scaling_mixin.py::TestAdjustFontSize::test_no_change_when_same PASSED [ 45%]
tests/test_scaling_mixin.py::TestAdjustUiScale::test_increases PASSED    [ 45%]
tests/test_scaling_mixin.py::TestAdjustUiScale::test_decreases PASSED    [ 45%]
tests/test_scaling_mixin.py::TestAdjustUiScale::test_clamps_minimum PASSED [ 45%]
tests/test_scaling_mixin.py::TestAdjustUiScale::test_clamps_maximum PASSED [ 45%]
tests/test_scaling_mixin.py::TestAdjustUiScale::test_near_boundary PASSED [ 45%]
tests/test_scaling_mixin.py::TestAdjustUiScale::test_missing_ui_scale_defaults_to_1 PASSED [ 45%]
tests/test_scaling_mixin.py::TestApplyScaledUi::test_all_base_heights_have_corresponding_method PASSED [ 45%]
tests/test_scaling_mixin.py::TestApplyScaledUi::test_width_scale_buttons_handled_gracefully PASSED [ 46%]
tests/test_scaling_mixin.py::TestRefreshButtonScale::test_no_children_does_not_crash PASSED [ 46%]
tests/test_scaling_mixin.py::TestRefreshButtonScale::test_children_without_base_size_skipped PASSED [ 46%]
tests/test_scaling_mixin.py::TestIconButtonTagging::test_glyph_button_is_tagged PASSED [ 46%]
tests/test_scaling_mixin.py::TestIconButtonTagging::test_word_button_is_not_tagged PASSED [ 46%]
tests/test_search_archive_editing.py::TestSearchFilterLogic::test_snippet_filter_by_name PASSED [ 46%]
tests/test_search_archive_editing.py::TestSearchFilterLogic::test_snippet_filter_uppercase_query PASSED [ 46%]
tests/test_search_archive_editing.py::TestSearchFilterLogic::test_snippet_filter_by_text PASSED [ 46%]
tests/test_search_archive_editing.py::TestSearchFilterLogic::test_snippet_filter_empty_query_shows_all PASSED [ 46%]
tests/test_search_archive_editing.py::TestSearchFilterLogic::test_snippet_filter_no_match_returns_empty PASSED [ 46%]
tests/test_search_archive_editing.py::TestSearchFilterLogic::test_silo_filter_by_content PASSED [ 46%]
tests/test_search_archive_editing.py::TestSearchFilterLogic::test_silo_filter_empty_query PASSED [ 46%]
tests/test_search_archive_editing.py::TestSearchFilterLogic::test_silo_filter_partial_match PASSED [ 46%]
tests/test_search_archive_editing.py::TestSearchFilterLogic::test_silo_filter_multiple_matches PASSED [ 46%]
tests/test_search_archive_editing.py::TestSearchFilterLogic::test_archive_filter_same_as_silo PASSED [ 46%]
tests/test_search_archive_editing.py::TestArchivePersistence::test_archive_save_and_reload PASSED [ 46%]
tests/test_search_archive_editing.py::TestArchivePersistence::test_archive_save_empty_strings_filtered PASSED [ 46%]
tests/test_search_archive_editing.py::TestArchivePersistence::test_archive_multi_category PASSED [ 46%]
tests/test_search_archive_editing.py::TestArchivePersistence::test_archive_delta_sync PASSED [ 46%]
tests/test_search_archive_editing.py::TestArchivePersistence::test_archive_current_tab_proxy PASSED [ 47%]
tests/test_search_archive_editing.py::TestArchivePersistence::test_archive_trim_removes_empty PASSED [ 47%]
tests/test_search_archive_editing.py::TestArchivePersistence::test_archive_preserves_real_indices PASSED [ 47%]
tests/test_search_archive_editing.py::TestTextEditingSaveLogic::test_last_text_saved PASSED [ 47%]
tests/test_search_archive_editing.py::TestTextEditingSaveLogic::test_temp_preset_updated_via_save PASSED [ 47%]
tests/test_search_archive_editing.py::TestTextEditingSaveLogic::test_multiple_silos_independent PASSED [ 47%]
tests/test_search_archive_editing.py::TestTextEditingSaveLogic::test_save_clears_silo PASSED [ 47%]
tests/test_search_archive_editing.py::TestTextEditingSaveLogic::test_dirty_flag_resets_after_save PASSED [ 47%]
tests/test_search_archive_editing.py::TestTextEditingSaveLogic::test_save_with_ui_settings PASSED [ 47%]
tests/test_search_archive_editing.py::TestIntegration::test_archive_then_reload_with_search PASSED [ 47%]
tests/test_search_archive_editing.py::TestIntegration::test_silo_search_after_reload PASSED [ 47%]
tests/test_search_archive_editing.py::TestIntegration::test_save_preserves_search_visibility PASSED [ 47%]
tests/test_search_archive_editing.py::TestIntegration::test_archive_empty_strings_not_in_snapshot PASSED [ 47%]
tests/test_search_archive_editing.py::TestIntegration::test_multi_tab_archive_independence PASSED [ 47%]
tests/test_search_mixin.py::TestShowFind::test_shows_frame PASSED        [ 47%]
tests/test_search_mixin.py::TestShowFind::test_hides_replace_widgets PASSED [ 47%]
tests/test_search_mixin.py::TestShowFind::test_focuses_search_input PASSED [ 47%]
tests/test_search_mixin.py::TestShowReplace::test_shows_frame PASSED     [ 47%]
tests/test_search_mixin.py::TestShowReplace::test_shows_replace_widgets PASSED [ 47%]
tests/test_search_mixin.py::TestCloseSearch::test_hides_frame PASSED     [ 48%]
tests/test_search_mixin.py::TestCloseSearch::test_focuses_text_area PASSED [ 48%]
tests/test_search_mixin.py::TestFindText::test_empty_query_does_nothing PASSED [ 48%]
tests/test_search_mixin.py::TestFindText::test_wrap_around PASSED        [ 48%]
tests/test_search_mixin.py::TestFindText::test_wrap_around_no_match PASSED [ 48%]
tests/test_search_mixin.py::TestFindText::test_find_backward PASSED      [ 48%]
tests/test_search_mixin.py::TestFindText::test_find_forward PASSED       [ 48%]
tests/test_search_mixin.py::TestReplaceText::test_replaces_selection_and_finds_next PASSED [ 48%]
tests/test_search_mixin.py::TestReplaceText::test_no_selection_does_not_replace PASSED [ 48%]
tests/test_search_mixin.py::TestReplaceAll::test_empty_query_does_nothing PASSED [ 48%]
tests/test_search_mixin.py::TestReplaceAll::test_shows_count_message PASSED [ 48%]
tests/test_search_mixin.py::TestReplaceAll::test_zero_replaces_shows_zero PASSED [ 48%]
tests/test_search_mixin.py::TestOnSearchToggle::test_checked_shows_bar PASSED [ 48%]
tests/test_search_mixin.py::TestOnSearchToggle::test_unchecked_hides_bar PASSED [ 48%]
tests/test_search_mixin.py::TestOnSearchToggle::test_unchecked_clears_bar PASSED [ 48%]
tests/test_second_wave.py::test_backup_atomically_preserves_existing_destination_on_failure PASSED [ 48%]
tests/test_second_wave.py::test_backup_atomically_publishes_nothing_on_fresh_destination_failure PASSED [ 48%]
tests/test_second_wave.py::test_portable_export_keeps_orphan_categories_distinct PASSED [ 48%]
tests/test_second_wave.py::test_structured_list_member_normalization PASSED [ 48%]
tests/test_second_wave.py::test_fancy_zone_ui_state_and_geometry_healing PASSED [ 48%]
tests/test_second_wave.py::test_validator_no_false_dead_keys_and_honest_coverage PASSED [ 49%]
tests/test_second_wave.py::test_sync_fast_has_no_hardcoded_path_and_honest_coverage PASSED [ 49%]
tests/test_second_wave.py::test_silogapbar_i18n_keys_registered_and_translated PASSED [ 49%]
tests/test_second_wave.py::test_malformed_cats_order_and_hidden_recover_from_db PASSED [ 49%]
tests/test_second_wave.py::test_unique_temp_path_distinct_and_same_directory PASSED [ 49%]
tests/test_second_wave.py::test_unique_temp_path_never_collides_with_existing_sibling PASSED [ 49%]
tests/test_second_wave.py::test_backup_atomically_preserves_predictable_named_sibling PASSED [ 49%]
tests/test_second_wave.py::test_write_text_file_preserves_fp_sync_tmp_sibling PASSED [ 49%]
tests/test_second_wave.py::test_portable_write_raw_preserves_tmp_sibling PASSED [ 49%]
tests/test_second_wave_core003.py::test_backup_begin_refused_while_draining PASSED [ 49%]
tests/test_second_wave_core003.py::test_drain_blocks_new_and_clears_after_worker PASSED [ 49%]
tests/test_second_wave_core003.py::test_two_workers_same_destination_drain_waits_both PASSED [ 49%]
tests/test_second_wave_core003.py::test_periodic_worker_publishes_bak PASSED [ 49%]
tests/test_second_wave_tickets.py::test_orphan_snippet_category_is_exported PASSED [ 49%]
tests/test_second_wave_tickets.py::test_manifest_counts_orphan_snippets PASSED [ 49%]
tests/test_second_wave_tickets.py::test_complete_partial_is_preserved_not_deleted PASSED [ 49%]
tests/test_second_wave_tickets.py::test_incomplete_partial_is_cleanable PASSED [ 49%]
tests/test_second_wave_tickets.py::test_state_saver_never_writes_snippet_slot_100 PASSED [ 49%]
tests/test_second_wave_tickets.py::test_loader_migrates_overflow_snippet_to_empty_slot PASSED [ 49%]
tests/test_second_wave_tickets.py::test_loader_refuses_when_category_full PASSED [ 50%]
tests/test_second_wave_tickets.py::test_copy_atomic_aborts_when_publish_guard_rejects PASSED [ 50%]
tests/test_second_wave_tickets.py::test_copy_atomic_publishes_when_guard_accepts PASSED [ 50%]
tests/test_set_default_from_current.py::test_extract_defaults_excludes_all_denylist_keys PASSED [ 50%]
tests/test_set_default_from_current.py::test_format_default_profile_py_produces_valid_ast PASSED [ 50%]
tests/test_set_default_from_current.py::test_update_default_profile_dry_run_does_not_modify_file PASSED [ 50%]
tests/test_settings_ux.py::TestScrollSound::test_debounce_coalesces_fast_scroll PASSED [ 50%]
tests/test_settings_ux.py::TestScrollSound::test_scroll_event_is_registered PASSED [ 50%]
tests/test_settings_ux.py::TestScrollSound::test_wheel_inside_dialog_queues_sound PASSED [ 50%]
tests/test_settings_ux.py::TestScrollSound::test_wheel_outside_dialog_is_silent PASSED [ 50%]
tests/test_settings_ux.py::TestLimitGaugesClick::test_ctrl_click_cycles_style PASSED [ 50%]
tests/test_settings_ux.py::TestLimitGaugesClick::test_double_click_refreshes PASSED [ 50%]
tests/test_settings_ux.py::TestLimitGaugesClick::test_single_click_opens_settings PASSED [ 50%]
tests/test_settings_ux.py::TestLimitGaugesClick::test_tooltip_mentions_settings PASSED [ 50%]
tests/test_settings_ux.py::TestSettingsGearEasterEgg::test_gear_button_toggles_settings_without_rotation PASSED [ 50%]
tests/test_settings_ux.py::TestSettingsExitButton::test_settings_exit_buttons_trigger_quit PASSED [ 50%]
tests/test_silo_export.py::test_a_header_becomes_the_name PASSED         [ 50%]
tests/test_silo_export.py::test_prose_gives_the_first_three_words PASSED [ 50%]
tests/test_silo_export.py::test_bullets_and_checkboxes_are_not_part_of_the_name PASSED [ 50%]
tests/test_silo_export.py::test_illegal_characters_never_reach_the_filename PASSED [ 51%]
tests/test_silo_export.py::test_an_empty_silo_still_gets_a_name PASSED   [ 51%]
tests/test_silo_export.py::test_the_written_file_holds_the_exact_text PASSED [ 51%]
tests/test_silo_export.py::test_two_drags_in_one_minute_do_not_overwrite PASSED [ 51%]
tests/test_silo_home.py::test_silo_home_opens_at_top PASSED              [ 51%]
tests/test_silo_kanban.py::test_parses_columns_and_cards PASSED          [ 51%]
tests/test_silo_kanban.py::test_a_continuation_line_belongs_to_its_card PASSED [ 51%]
tests/test_silo_kanban.py::test_card_at_finds_the_card_from_a_continuation PASSED [ 51%]
tests/test_silo_kanban.py::test_move_right_carries_the_whole_card PASSED [ 51%]
tests/test_silo_kanban.py::test_move_left_and_back_is_the_identity PASSED [ 51%]
tests/test_silo_kanban.py::test_move_off_the_board_refuses PASSED        [ 51%]
tests/test_silo_kanban.py::test_move_within_a_column PASSED              [ 51%]
tests/test_silo_kanban.py::test_toggle_card PASSED                       [ 51%]
tests/test_silo_kanban.py::test_toggle_adds_a_box_to_a_plain_bullet PASSED [ 51%]
tests/test_silo_kanban.py::test_add_card_lands_at_the_end_of_its_column PASSED [ 51%]
tests/test_silo_kanban.py::test_new_board_is_empty_but_parseable PASSED  [ 51%]
tests/test_silo_presets.py::test_the_shipped_set_is_there PASSED         [ 51%]
tests/test_silo_presets.py::test_bullet_list_really_has_ten_items PASSED [ 51%]
tests/test_silo_presets.py::test_a_dropped_in_file_appears_without_a_code_change PASSED [ 51%]
tests/test_silo_presets.py::test_label_strips_the_ordering_prefix PASSED [ 51%]
tests/test_silo_presets.py::test_a_missing_folder_is_empty_not_an_exception PASSED [ 52%]
tests/test_silo_selection_persist.py::TestSelectionIsAliasedAtStartup::test_the_flat_key_is_bound_to_the_per_category_store PASSED [ 52%]
tests/test_silo_selection_persist.py::TestSelectionIsAliasedAtStartup::test_a_latch_lands_in_the_store_immediately PASSED [ 52%]
tests/test_silo_selection_persist.py::TestSelectionIsAliasedAtStartup::test_the_same_ctrl_click_releases_only_that_silo PASSED [ 52%]
tests/test_silo_selection_persist.py::TestSelectionIsAliasedAtStartup::test_a_corrupt_stored_value_never_crashes_the_read PASSED [ 52%]
tests/test_silo_selection_persist.py::TestSelectionSurvivesNavigation::test_each_project_keeps_its_own_latched_silos PASSED [ 52%]
tests/test_silo_selection_persist.py::TestSelectionSurvivesNavigation::test_switching_the_open_silo_keeps_the_latch PASSED [ 52%]
tests/test_silo_selection_persist.py::TestSelectionSurvivesNavigation::test_a_reorder_moves_the_latch_with_its_silo PASSED [ 52%]
tests/test_silo_selection_persist.py::TestSelectionSurvivesRestart::test_a_latched_selection_reloads_from_the_database PASSED [ 52%]
tests/test_silo_selection_persist.py::TestUnselectMenuActions::test_unselect_and_unselect_all_appear_on_a_selected_silo PASSED [ 52%]
tests/test_silo_selection_persist.py::TestUnselectMenuActions::test_only_unselect_all_appears_on_an_unselected_silo PASSED [ 52%]
tests/test_silo_selection_persist.py::TestUnselectMenuActions::test_neither_appears_without_a_selection PASSED [ 52%]
tests/test_silo_selection_persist.py::TestUnselectMenuActions::test_unselect_releases_one_and_persists PASSED [ 52%]
tests/test_silo_selection_persist.py::TestUnselectMenuActions::test_unselect_on_an_unselected_silo_changes_nothing PASSED [ 52%]
tests/test_silo_selection_persist.py::TestUnselectMenuActions::test_unselect_all_clears_and_persists PASSED [ 52%]
tests/test_silo_slug.py::test_slug_reference_equivalence PASSED          [ 52%]
tests/test_silo_slug.py::test_slug_only_reads_prefix PASSED              [ 52%]
tests/test_silo_table.py::test_row_detection PASSED                      [ 52%]
tests/test_silo_table.py::test_split_keeps_escaped_pipes PASSED          [ 52%]
tests/test_silo_table.py::test_parse_finds_the_whole_table_from_any_line PASSED [ 53%]
tests/test_silo_table.py::test_render_aligns_every_pipe PASSED           [ 53%]
tests/test_silo_table.py::test_render_respects_alignment PASSED          [ 53%]
tests/test_silo_table.py::test_ragged_rows_are_padded_not_dropped PASSED [ 53%]
tests/test_silo_table.py::test_cell_index_and_span PASSED                [ 53%]
tests/test_silo_table.py::test_cell_span_of_an_empty_cell_is_collapsed PASSED [ 53%]
tests/test_silo_table.py::test_add_and_remove_rows PASSED                [ 53%]
tests/test_silo_table.py::test_the_header_row_cannot_be_deleted PASSED   [ 53%]
tests/test_silo_table.py::test_last_body_row_cannot_be_deleted PASSED    [ 53%]
tests/test_silo_table.py::test_add_and_remove_columns PASSED             [ 53%]
tests/test_silo_table.py::test_the_last_column_cannot_be_deleted PASSED  [ 53%]
tests/test_silo_table.py::test_set_align_survives_a_render_round_trip PASSED [ 53%]
tests/test_silo_table.py::test_new_table_leaves_the_body_empty PASSED    [ 53%]
tests/test_sound_manager.py::TestSoundFileMap::test_has_click PASSED     [ 53%]
tests/test_sound_manager.py::TestSoundFileMap::test_has_new PASSED       [ 53%]
tests/test_sound_manager.py::TestSoundFileMap::test_has_save PASSED      [ 53%]
tests/test_sound_manager.py::TestSoundFileMap::test_has_silo PASSED      [ 53%]
tests/test_sound_manager.py::TestSoundFileMap::test_has_project PASSED   [ 53%]
tests/test_sound_manager.py::TestSoundFileMap::test_has_snippet PASSED   [ 53%]
tests/test_sound_manager.py::TestSoundFileMap::test_has_tick PASSED      [ 54%]
tests/test_sound_manager.py::TestSoundFileMap::test_has_delete PASSED    [ 54%]
tests/test_sound_manager.py::TestSoundFileMap::test_has_clear PASSED     [ 54%]
tests/test_sound_manager.py::TestSoundFileMap::test_has_type PASSED      [ 54%]
tests/test_sound_manager.py::TestSoundFileMap::test_every_default_is_a_file_that_actually_ships PASSED [ 54%]
tests/test_sound_manager.py::TestSoundFileMap::test_has_backspace PASSED [ 54%]
tests/test_sound_manager.py::TestSoundFileMap::test_has_chest_open PASSED [ 54%]
tests/test_sound_manager.py::TestSoundFileMap::test_has_chest_close PASSED [ 54%]
tests/test_sound_manager.py::TestSoundDiscovery::test_discover_returns_wav_files PASSED [ 54%]
tests/test_sound_manager.py::TestSoundDiscovery::test_discover_returns_sorted_list PASSED [ 54%]
tests/test_sound_manager.py::TestEventMapping::test_default_mapping_used_when_no_override PASSED [ 54%]
tests/test_sound_manager.py::TestEventMapping::test_user_mapping_overrides_default PASSED [ 54%]
tests/test_sound_manager.py::TestEventMapping::test_missing_event_returns_none PASSED [ 54%]
tests/test_sound_manager.py::TestEventVolume::test_global_volume_used_when_per_event_empty PASSED [ 54%]
tests/test_sound_manager.py::TestEventVolume::test_per_event_volume_overrides_global PASSED [ 54%]
tests/test_sound_manager.py::TestEventVolume::test_invalid_volume_falls_back_to_global PASSED [ 54%]
tests/test_sound_manager.py::TestSoundManagerToggle::test_play_ui_sound_when_toggle_off_does_nothing PASSED [ 54%]
tests/test_sound_manager.py::TestSoundManagerToggle::test_play_ui_sound_when_toggle_on_proceeds PASSED [ 54%]
tests/test_sound_manager.py::TestSoundManagerToggle::test_play_typewriter_sound_when_toggle_off_does_nothing PASSED [ 54%]
tests/test_sound_manager.py::TestSoundManagerToggle::test_play_typewriter_sound_when_toggle_on_proceeds PASSED [ 54%]
tests/test_sound_manager.py::TestSoundManagerToggle::test_play_ui_sound_defaults_to_off PASSED [ 55%]
tests/test_sound_manager.py::TestSoundManagerToggle::test_play_typewriter_sound_defaults_to_off PASSED [ 55%]
tests/test_sound_manager.py::TestSoundManagerToggle::test_per_event_disabled_overrides_global PASSED [ 55%]
tests/test_sound_manager.py::TestSoundManagerVolume::test_default_volume_is_5 PASSED [ 55%]
tests/test_sound_manager.py::TestSoundManagerVolume::test_custom_volume PASSED [ 55%]
tests/test_sound_manager.py::TestSoundManagerVolume::test_volume_0_is_accepted PASSED [ 55%]
tests/test_sound_manager.py::TestSoundManagerVolume::test_volume_10_is_accepted PASSED [ 55%]
tests/test_sound_manager.py::TestSoundManagerShortcuts::test_play_click_delegates_to_play PASSED [ 55%]
tests/test_sound_manager.py::TestSoundManagerShortcuts::test_play_tick_delegates_to_play PASSED [ 55%]
tests/test_sound_manager.py::TestSoundManagerShortcuts::test_play_hover_delegates_to_play PASSED [ 55%]
tests/test_sound_manager.py::TestSoundManagerShortcuts::test_play_button_release_delegates_to_play PASSED [ 55%]
tests/test_sound_manager.py::TestSoundManagerInit::test_parent_is_set PASSED [ 55%]
tests/test_sound_manager.py::TestSoundManagerInit::test_players_is_empty_dict PASSED [ 55%]
tests/test_sound_manager.py::TestSoundManagerInit::test_sounds_dir_ends_with_sound PASSED [ 55%]
tests/test_sound_manager.py::TestSoundManagerInit::test_data_is_stored PASSED [ 55%]
tests/test_sound_manager.py::TestVolumeOnTheWinsoundPath::test_level_is_clamped_and_junk_reads_as_five PASSED [ 55%]
tests/test_sound_manager.py::TestVolumeOnTheWinsoundPath::test_samples_are_actually_scaled PASSED [ 55%]
tests/test_sound_manager.py::TestVolumeOnTheWinsoundPath::test_cached_file_is_per_level PASSED [ 55%]
tests/test_sound_manager.py::TestVolumeOnTheWinsoundPath::test_play_uses_the_scaled_copy_and_stays_async PASSED [ 55%]
tests/test_sound_manager.py::TestWinsoundSerialization::test_identical_repeat_while_busy_is_dropped PASSED [ 56%]
tests/test_sound_manager.py::TestWinsoundSerialization::test_different_sound_waits_for_the_current_one PASSED [ 56%]
tests/test_sound_manager.py::TestWinsoundSerialization::test_newest_request_wins_while_queued PASSED [ 56%]
tests/test_sound_manager.py::TestWinsoundSerialization::test_drain_arms_a_single_timer PASSED [ 56%]
tests/test_sound_manager.py::TestSameEventCoalesce::test_skip_when_still_playing PASSED [ 56%]
tests/test_sound_manager.py::TestSameEventCoalesce::test_plays_when_idle PASSED [ 56%]
tests/test_sound_manager.py::TestTickDirection::test_tick_on_and_off_ask_for_different_events PASSED [ 56%]
tests/test_sound_manager.py::TestTickDirection::test_default_is_still_tick PASSED [ 56%]
tests/test_sound_manager.py::TestTickDirection::test_both_events_resolve_to_different_files PASSED [ 56%]
tests/test_sound_manager.py::TestPlaySoundRef::test_named_event_plays_through_configured_file PASSED [ 56%]
tests/test_sound_manager.py::TestPlaySoundRef::test_file_ref_inside_library_plays PASSED [ 56%]
tests/test_sound_manager.py::TestPlaySoundRef::test_file_ref_subfolder_plays PASSED [ 56%]
tests/test_sound_manager.py::TestPlaySoundRef::test_file_ref_parent_traversal_rejected PASSED [ 56%]
tests/test_sound_manager.py::TestPlaySoundRef::test_file_ref_absolute_rejected PASSED [ 56%]
tests/test_sound_manager.py::TestPlaySoundRef::test_file_ref_missing_returns_false PASSED [ 56%]
tests/test_sound_manager.py::TestPlaySoundRef::test_empty_or_invalid_ref_returns_false PASSED [ 56%]
tests/test_sound_manager.py::TestPlaySoundRef::test_unknown_event_returns_false PASSED [ 56%]
tests/test_sound_manager.py::TestPlaySoundRef::test_resolve_library_path_accepts_internal_only PASSED [ 56%]
tests/test_startup_backup.py::test_current_schema_starts_without_synchronous_backup PASSED [ 56%]
tests/test_startup_backup.py::test_first_mutation_is_gated_on_background_snapshot PASSED [ 57%]
tests/test_startup_backup.py::test_migration_takes_one_synchronous_backup_before_schema_write PASSED [ 57%]
tests/test_startup_backup.py::test_failed_premigration_backup_aborts_startup_and_prevents_migration PASSED [ 57%]
tests/test_startup_backup.py::test_small_legacy_db_still_takes_premigration_backup PASSED [ 57%]
tests/test_startup_backup.py::test_each_profile_gets_its_own_startup_backup_gate PASSED [ 57%]
tests/test_startup_backup.py::test_stale_old_profile_worker_cannot_release_new_profile_gate PASSED [ 57%]
tests/test_startup_backup.py::test_failed_profile_init_restores_old_backup_context PASSED [ 57%]
tests/test_startup_lazy_ui.py::test_deferred_qt_callback_does_not_retain_or_touch_dead_owner PASSED [ 57%]
tests/test_startup_lazy_ui.py::test_startup_timings_coverage PASSED      [ 57%]
tests/test_startup_lazy_ui.py::test_lazy_settings_lifecycle PASSED       [ 57%]
tests/test_startup_lazy_ui.py::test_lazy_kanban_and_table_widgets PASSED [ 57%]
tests/test_startup_lazy_ui.py::test_archive_button_pool PASSED           [ 57%]
tests/test_startup_lazy_ui.py::test_silo_button_pool PASSED              [ 57%]
tests/test_startup_lazy_ui.py::test_lazy_number_tabs PASSED              [ 57%]
tests/test_state.py::TestInit::test_default_data_shape PASSED            [ 57%]
tests/test_state.py::TestInit::test_default_categories_have_100_slots PASSED [ 57%]
tests/test_state.py::TestInit::test_default_temp_presets_have_10_empty_slots PASSED [ 57%]
tests/test_state.py::TestInit::test_default_archive_empty PASSED         [ 57%]
tests/test_state.py::TestInit::test_current_tab_proxies_set PASSED       [ 57%]
tests/test_state.py::TestInit::test_database_connection PASSED           [ 57%]
tests/test_state.py::TestInit::test_snapshot_after_init PASSED           [ 58%]
tests/test_state.py::TestInit::test_profile_id_default PASSED            [ 58%]
tests/test_state.py::TestResetData::test_reset_restores_defaults PASSED  [ 58%]
tests/test_state.py::TestResetData::test_reset_does_not_change_profile_id PASSED [ 58%]
tests/test_state.py::TestMarkDirty::test_mark_dirty_sets_flag PASSED     [ 58%]
tests/test_state.py::TestMarkDirty::test_mark_dirty_is_thread_safe PASSED [ 58%]
tests/test_state.py::TestSaveToDB::test_no_save_if_not_dirty PASSED      [ 58%]
tests/test_state.py::TestSaveToDB::test_save_settings PASSED             [ 58%]
tests/test_state.py::TestSaveToDB::test_save_preset PASSED               [ 58%]
tests/test_state.py::TestSaveToDB::test_update_preset PASSED             [ 58%]
tests/test_state.py::TestSaveToDB::test_delete_preset PASSED             [ 58%]
tests/test_state.py::TestSaveToDB::test_save_temp_preset PASSED          [ 58%]
tests/test_state.py::TestSaveToDB::test_save_archive_temp PASSED         [ 58%]
tests/test_state.py::TestSaveToDB::test_delta_sync_settings_only PASSED  [ 58%]
tests/test_state.py::TestSaveToDB::test_last_save_had_silo_text_flag PASSED [ 58%]
tests/test_state.py::TestSaveToDB::test_save_with_ui_settings PASSED     [ 58%]
tests/test_state.py::TestSaveToDB::test_current_text_updated PASSED      [ 58%]
tests/test_state.py::TestSaveToDB::test_backup_throttled PASSED          [ 58%]
tests/test_state.py::TestSaveToDB::test_hung_startup_backup_gate_never_blocks_save PASSED [ 58%]
tests/test_state.py::TestSwitchProfile::test_switch_profile_creates_new_db PASSED [ 59%]
tests/test_state.py::TestSwitchProfile::test_switch_profile_resets_data PASSED [ 59%]
tests/test_state.py::TestSwitchProfile::test_switch_profile_conn_valid PASSED [ 59%]
tests/test_state.py::TestSwitchProfile::test_switch_profile_multiple PASSED [ 59%]
tests/test_state.py::TestThreadSafety::test_concurrent_saves PASSED      [ 59%]
tests/test_state.py::TestThreadSafety::test_concurrent_mark_dirty_and_save PASSED [ 59%]
tests/test_state.py::TestErrorHandling::test_save_without_conn_does_not_crash PASSED [ 59%]
tests/test_state.py::TestErrorHandling::test_save_empty_settings PASSED  [ 59%]
tests/test_state.py::TestPortableBackupCoversEveryProject::test_every_project_is_exported PASSED [ 59%]
tests/test_state.py::TestPortableBackupCoversEveryProject::test_manifest_counts_every_project PASSED [ 59%]
tests/test_state.py::TestPortableBackupCoversEveryProject::test_falls_back_to_the_active_alias PASSED [ 59%]
tests/test_state.py::TestPortableBackupCoversEveryProject::test_project_names_are_made_filesystem_safe PASSED [ 59%]
tests/test_state.py::TestSettingsSurviveAReload::test_silo_types_survive_a_restart PASSED [ 59%]
tests/test_state.py::TestSettingsSurviveAReload::test_every_structured_setting_is_json_encoded PASSED [ 59%]
tests/test_state.py::TestSettingsSurviveAReload::test_a_settings_round_trip_keeps_every_structured_value PASSED [ 59%]
tests/test_state.py::TestDefaultProfile::test_baked_values_reach_the_data_dict PASSED [ 59%]
tests/test_state.py::TestDefaultProfile::test_no_user_content_baked_in PASSED [ 59%]
tests/test_state.py::TestDefaultProfile::test_custom_colors_never_shadow_a_theme PASSED [ 59%]
tests/test_state.py::TestDefaultProfile::test_stored_values_win_over_the_baked_default PASSED [ 59%]
tests/test_state.py::TestDefaultProfile::test_mutable_defaults_are_not_shared PASSED [ 60%]
tests/test_state.py::TestDefaultProfile::test_every_structured_default_field_has_serializer_membership PASSED [ 60%]
tests/test_state.py::TestDefaultProfile::test_json_serializer_round_trips PASSED [ 60%]
tests/test_state.py::TestDefaultProfile::test_every_live_all_key_is_in_the_per_category_registry PASSED [ 60%]
tests/test_state_codec.py::TestWrongTypeAndCorruptDecode::test_corrupt_folder_trash_log_falls_back_to_list PASSED [ 60%]
tests/test_state_codec.py::TestWrongTypeAndCorruptDecode::test_wrong_type_valid_json_folder_trash_log_falls_back_to_list PASSED [ 60%]
tests/test_state_codec.py::TestWrongTypeAndCorruptDecode::test_wrong_type_string_folder_trash_log_falls_back_to_list PASSED [ 60%]
tests/test_state_codec.py::TestWrongTypeAndCorruptDecode::test_timers_dict_valid_json_falls_back_to_list PASSED [ 60%]
tests/test_state_codec.py::TestWrongTypeAndCorruptDecode::test_dict_setting_with_list_json_falls_back_to_dict PASSED [ 60%]
tests/test_state_codec.py::TestWrongTypeAndCorruptDecode::test_malformed_dict_setting_falls_back_to_dict PASSED [ 60%]
tests/test_state_codec.py::TestLegacyAstRecovery::test_str_dict_productivity_timer_recovers PASSED [ 60%]
tests/test_state_codec.py::TestLegacyAstRecovery::test_str_list_silo_gaps_recovers PASSED [ 60%]
tests/test_state_codec.py::TestLegacyAstRecovery::test_ast_recovery_rejects_wrong_type PASSED [ 60%]
tests/test_state_codec.py::TestRoundTripAndIsolation::test_valid_unicode_round_trip PASSED [ 60%]
tests/test_state_codec.py::TestRoundTripAndIsolation::test_trash_consumed_dict_round_trips_json PASSED [ 60%]
tests/test_state_codec.py::TestRoundTripAndIsolation::test_trash_consumed_legacy_str_dict_recovers PASSED [ 60%]
tests/test_state_codec.py::TestRoundTripAndIsolation::test_trash_consumed_wrong_type_falls_back_to_empty_dict PASSED [ 60%]
tests/test_state_codec.py::TestRoundTripAndIsolation::test_cats_order_type_checked PASSED [ 60%]
tests/test_state_codec.py::TestRoundTripAndIsolation::test_adopted_default_is_a_fresh_deep_copy PASSED [ 60%]
tests/test_state_codec.py::TestSingleCodecContract::test_every_json_setting_has_exactly_one_codec PASSED [ 60%]
tests/test_state_codec.py::TestSingleCodecContract::test_every_codec_contract_is_well_formed PASSED [ 61%]
tests/test_state_codec.py::TestSingleCodecContract::test_no_structured_key_is_also_a_scalar_key PASSED [ 61%]
tests/test_state_codec.py::TestFolderTrashLogMemberNormalization::test_mixed_members_drop_malformed PASSED [ 61%]
tests/test_state_codec.py::TestFolderTrashLogMemberNormalization::test_valid_pairs_preserved PASSED [ 61%]
tests/test_state_codec.py::TestFolderTrashLogMemberNormalization::test_recovery_consumers_survive_malformed_member PASSED [ 61%]
tests/test_state_codec_sync_map.py::TestCodecQuarantine::test_traversal_entry_is_dropped PASSED [ 61%]
tests/test_state_codec_sync_map.py::TestCodecQuarantine::test_absolute_and_drive_entries_are_dropped PASSED [ 61%]
tests/test_state_codec_sync_map.py::TestCodecQuarantine::test_backslash_and_dot_segments_are_dropped PASSED [ 61%]
tests/test_state_codec_sync_map.py::TestCodecQuarantine::test_non_string_values_are_dropped PASSED [ 61%]
tests/test_state_codec_sync_map.py::TestCodecQuarantine::test_wrong_typed_category_member_is_dropped PASSED [ 61%]
tests/test_state_codec_sync_map.py::TestCodecQuarantine::test_safe_relative_paths_survive_nested PASSED [ 61%]
tests/test_state_codec_sync_map.py::TestSafeRelPredicate::test_predicate_matches_policy PASSED [ 61%]
tests/test_state_codec_sync_map.py::TestRuntimeContainment::test_resolve_rejects_escape_forms PASSED [ 61%]
tests/test_state_codec_sync_map.py::TestRuntimeContainment::test_resolve_keeps_ordinary_nested_path PASSED [ 61%]
tests/test_state_codec_sync_map.py::TestRuntimeContainment::test_symlink_escape_is_rejected PASSED [ 61%]
tests/test_state_codec_sync_map.py::TestRuntimeContainment::test_explicit_silo_links_are_not_root_confined PASSED [ 61%]
tests/test_state_failures.py::TestFailedSave::test_failed_save_does_not_advance_snapshots_and_retry_recovers PASSED [ 61%]
tests/test_state_failures.py::TestFailedSave::test_partial_transaction_rolls_back PASSED [ 61%]
tests/test_state_failures.py::TestFailedSave::test_previous_committed_db_stays_readable_after_failed_save PASSED [ 61%]
tests/test_state_failures.py::TestFailedBackup::test_failed_bak_never_replaces_the_good_copy PASSED [ 62%]
tests/test_state_failures.py::TestFailedBackup::test_successful_bak_is_atomic_and_valid PASSED [ 62%]
tests/test_state_failures.py::TestUnreadableDatabase::test_load_failure_raises_instead_of_silent_defaults PASSED [ 62%]
tests/test_state_failures.py::TestUnreadableDatabase::test_bad_json_setting_falls_back_per_row_not_by_wiping PASSED [ 62%]
tests/test_state_failures.py::TestBackupValidatedBeforePublish::test_valid_backup_replaces_previous PASSED [ 62%]
tests/test_state_failures.py::TestBackupValidatedBeforePublish::test_validation_failure_keeps_previous_backup PASSED [ 62%]
tests/test_state_failures.py::TestBackupValidatedBeforePublish::test_replace_failure_keeps_previous_backup PASSED [ 62%]
tests/test_state_failures.py::TestBackupValidatedBeforePublish::test_failed_backup_leaves_no_fake_final PASSED [ 62%]
tests/test_state_failures.py::TestBackupThrottleSuccessBased::test_failed_backup_retries_immediately PASSED [ 62%]
tests/test_state_failures.py::TestBackupThrottleSuccessBased::test_successful_backup_throttles_the_next PASSED [ 62%]
tests/test_state_failures.py::TestSynchronousSave::test_save_commits_before_returning_to_the_caller PASSED [ 62%]
tests/test_state_failures.py::TestSynchronousSave::test_no_background_executor_is_created PASSED [ 62%]
tests/test_state_failures.py::TestSynchronousSave::test_snapshot_markers_advance_only_after_commit PASSED [ 62%]
tests/test_state_migration.py::TestFreshDatabase::test_fresh_db_reaches_current_version PASSED [ 62%]
tests/test_state_migration.py::TestFreshDatabase::test_fresh_db_is_stable_across_reopen PASSED [ 62%]
tests/test_state_migration.py::TestLegacyMigration::test_legacy_tables_folded_into_v2 PASSED [ 62%]
tests/test_state_migration.py::TestLegacyMigration::test_migrated_legacy_data_survives_reload PASSED [ 62%]
tests/test_state_migration.py::TestLegacyMigration::test_pre_migration_backup_remains_usable PASSED [ 62%]
tests/test_state_migration.py::TestAlreadyMigrated::test_current_db_left_alone PASSED [ 62%]
tests/test_state_migration.py::TestFailedMigration::test_failed_migration_rolls_back_and_raises PASSED [ 63%]
tests/test_state_migration.py::TestFailedMigration::test_retry_after_failure_succeeds PASSED [ 63%]
tests/test_state_migration.py::TestMalformedLegacySettings::test_bad_json_setting_falls_back_without_crash PASSED [ 63%]
tests/test_state_migration.py::TestRoundTrip::test_save_reload_round_trip_loses_nothing PASSED [ 63%]
tests/test_state_migration.py::TestFutureSchemaRejected::test_current_plus_one_is_rejected PASSED [ 63%]
tests/test_state_migration.py::TestFutureSchemaRejected::test_version_999_is_rejected PASSED [ 63%]
tests/test_state_migration.py::TestFutureSchemaRejected::test_rejected_db_is_left_unchanged PASSED [ 63%]
tests/test_state_migration.py::TestFutureSchemaRejected::test_current_version_is_a_no_op PASSED [ 63%]
tests/test_state_migration.py::TestFutureSchemaRejected::test_v0_migration_records_exactly_version_1 PASSED [ 63%]
tests/test_state_migration.py::test_mixed_v0_identical_content_coalesces PASSED [ 63%]
tests/test_state_migration.py::test_mixed_v0_distinct_content_moves_to_free_slot PASSED [ 63%]
tests/test_state_migration.py::test_mixed_v0_archive_identical_coalesces PASSED [ 63%]
tests/test_static_cursor.py::test_off_by_default PASSED                  [ 63%]
tests/test_static_cursor.py::test_on_freezes_the_pointer_app_wide PASSED [ 63%]
tests/test_static_cursor.py::test_applying_twice_pushes_one_override_only PASSED [ 63%]
tests/test_static_cursor.py::test_toggle_releases_the_override PASSED    [ 63%]
tests/test_static_cursor.py::test_releasing_when_never_applied_is_a_no_op PASSED [ 63%]
tests/test_static_cursor.py::test_resize_shape_temporarily_replaces_static_arrow PASSED [ 63%]
tests/test_static_cursor.py::test_window_edge_resizer_exposes_and_restores_resize_shape PASSED [ 63%]
tests/test_themes.py::TestGenerateCustomTheme::test_returns_dict_with_required_keys PASSED [ 63%]
tests/test_themes.py::TestGenerateCustomTheme::test_default_values_when_empty_dict PASSED [ 64%]
tests/test_themes.py::TestGenerateCustomTheme::test_override_single_color PASSED [ 64%]
tests/test_themes.py::TestGenerateCustomTheme::test_override_multiple_colors PASSED [ 64%]
tests/test_themes.py::TestGenerateCustomTheme::test_preset_colors_has_10_entries PASSED [ 64%]
tests/test_themes.py::TestGenerateCustomTheme::test_preset_colors_match_bg PASSED [ 64%]
tests/test_themes.py::TestGenerateCustomTheme::test_active_temp_color_matches_btn_bg PASSED [ 64%]
tests/test_themes.py::TestGenerateCustomTheme::test_inactive_temp_color_matches_bg_main PASSED [ 64%]
tests/test_themes.py::TestGenerateCustomTheme::test_tray_color_matches_accent PASSED [ 64%]
tests/test_themes.py::TestGenerateCustomTheme::test_btn_new_contains_bg_color PASSED [ 64%]
tests/test_themes.py::TestGenerateCustomTheme::test_stylesheet_contains_widget_selectors PASSED [ 64%]
tests/test_themes.py::TestGenerateCustomTheme::test_stylesheet_reflects_colors PASSED [ 64%]
tests/test_themes.py::TestGenerateCustomTheme::test_raw_colors_has_all_expected_keys PASSED [ 64%]
tests/test_themes.py::TestGenerateCustomTheme::test_notif_defaults_derive_from_base PASSED [ 64%]
tests/test_themes.py::TestGenerateCustomTheme::test_notif_overrides_are_respected PASSED [ 64%]
tests/test_themes.py::TestGenerateCustomTheme::test_custom_theme_type PASSED [ 64%]
tests/test_themes.py::TestThemesDict::test_has_all_expected_themes PASSED [ 64%]
tests/test_themes.py::TestThemesDict::test_popular_themes_carry_their_signature_accent PASSED [ 64%]
tests/test_themes.py::TestThemesDict::test_generate_custom_theme_does_not_mutate_caller_dict PASSED [ 64%]
tests/test_themes.py::TestThemesDict::test_each_theme_has_stylesheet PASSED [ 64%]
tests/test_themes.py::TestThemesDict::test_each_theme_has_notification_tokens PASSED [ 65%]
tests/test_themes.py::TestThemesDict::test_each_theme_has_preset_colors PASSED [ 65%]
tests/test_themes.py::TestThemesDict::test_each_theme_has_active_temp_color PASSED [ 65%]
tests/test_themes.py::TestThemesDict::test_each_theme_has_tray_color PASSED [ 65%]
tests/test_themes.py::TestThemesDict::test_each_theme_has_raw_colors PASSED [ 65%]
tests/test_themes.py::TestThemesDict::test_default_theme_accent PASSED   [ 65%]
tests/test_themes.py::TestThemesDict::test_vintage_dark_uses_beveled_borders PASSED [ 65%]
tests/test_themes.py::TestThemesDict::test_vintage_classic_is_light PASSED [ 65%]
tests/test_themes.py::TestFontSizePersistence::test_change_font_size_marks_settings_only PASSED [ 65%]
tests/test_themes.py::TestFontSizePersistence::test_programmatic_change_syncs_the_global_control PASSED [ 65%]
tests/test_themes.py::TestFontSizePersistence::test_rendered_floor_and_control_can_never_disagree PASSED [ 65%]
tests/test_themes_headers.py::test_every_theme_styles_headers_and_grid PASSED [ 65%]
tests/test_themes_headers.py::test_the_header_takes_its_colours_from_the_theme_not_from_qt PASSED [ 65%]
tests/test_themes_headers.py::test_the_rules_reach_the_application_sheet PASSED [ 65%]
tests/test_themes_headers.py::test_zebra_rows_are_never_white PASSED     [ 65%]
tests/test_themes_headers.py::test_the_calendar_popup_carries_its_own_copy PASSED [ 65%]
tests/test_timer_dialog_wave.py::test_behavior_editor_defaults_on PASSED [ 65%]
tests/test_timer_dialog_wave.py::test_pool_toggle_swaps_single_and_table PASSED [ 65%]
tests/test_timer_dialog_wave.py::test_pool_caps_at_ten_rows PASSED       [ 65%]
tests/test_timer_dialog_wave.py::test_pool_rule_roundtrip_reads_back PASSED [ 66%]
tests/test_timer_dialog_wave.py::test_preview_only_on_user_activation PASSED [ 66%]
tests/test_timer_dialog_wave.py::test_dialog_constructs_with_calendar_tab PASSED [ 66%]
tests/test_timer_dialog_wave.py::test_temp_tab_keeps_description_and_has_real_test_button PASSED [ 66%]
tests/test_timer_dialog_wave.py::test_calendar_add_edit_delete_event PASSED [ 66%]
tests/test_timer_dialog_wave.py::test_calendar_markers_mark_visible_month PASSED [ 66%]
tests/test_timer_dialog_wave.py::test_alarm_commit_carries_behavior_flags PASSED [ 66%]
tests/test_timer_dialog_wave.py::test_vol_spin_drives_timer_volume_end_to_end PASSED [ 66%]
tests/test_timer_dialog_wave.py::test_real_dialog_editors_offer_library_files_from_one_inventory PASSED [ 66%]
tests/test_timer_dialog_wave.py::test_pool_row_signals_survive_row_removal PASSED [ 66%]
tests/test_timer_dialog_wave.py::test_calendar_inherited_volume_uses_calendar_editor_volume PASSED [ 66%]
tests/test_timer_dialog_wave.py::test_zero_length_window_refused_at_alarm_commit PASSED [ 66%]
tests/test_timer_dialog_wave.py::test_overnight_window_remains_valid PASSED [ 66%]
tests/test_timer_dialog_wave.py::test_zero_length_window_refused_at_calendar_commit PASSED [ 66%]
tests/test_timer_dialog_wave.py::test_alarm_list_isolated_from_calendar_events PASSED [ 66%]
tests/test_timer_dialog_wave.py::test_recurring_calendar_edit_keeps_series_anchor PASSED [ 66%]
tests/test_timer_dialog_wave.py::test_recurring_calendar_edit_keeps_feb29_anchor PASSED [ 66%]
tests/test_timer_dialog_wave.py::test_past_recurring_calendar_normalized_no_retro_fire PASSED [ 66%]
tests/test_timer_dialog_wave.py::test_past_once_event_refused_when_enabled PASSED [ 66%]
tests/test_timer_dialog_wave.py::test_disabled_past_once_storable_then_enable_refused PASSED [ 66%]
tests/test_timer_dialog_wave.py::test_disabled_past_repeating_enable_normalizes PASSED [ 67%]
tests/test_timer_dialog_wave.py::test_alarm_edit_writes_absolute_datetime_and_preserves_it PASSED [ 67%]
tests/test_timer_dialog_wave.py::test_monthly_alarm_name_only_edit_keeps_series_anchor PASSED [ 67%]
tests/test_timer_dialog_wave.py::test_yearly_feb29_alarm_edit_keeps_anchor_on_non_leap_occurrence PASSED [ 67%]
tests/test_timer_dialog_wave.py::test_monthly_alarm_date_change_reanchors PASSED [ 67%]
tests/test_timer_dialog_wave.py::test_interval_alarm_name_only_edit_preserves_period_and_reset PASSED [ 67%]
tests/test_timer_dialog_wave.py::test_calendar_tracks_runtime_advance_on_tick PASSED [ 67%]
tests/test_timer_dialog_wave.py::test_no_change_tick_does_not_rebuild_calendar PASSED [ 67%]
tests/test_timer_dialog_wave.py::test_disabled_event_shows_paused_and_muted PASSED [ 67%]
tests/test_timer_dialog_wave.py::test_cal_toggle_refreshes_markers_and_button_text PASSED [ 67%]
tests/test_timer_dialog_wave.py::test_malformed_calendar_timers_do_not_crash_dialog PASSED [ 67%]
tests/test_timer_dialog_wave.py::test_alarm_edit_cancel_is_true_noop PASSED [ 67%]
tests/test_timer_dialog_wave.py::test_calendar_edit_cancel_is_true_noop PASSED [ 67%]
tests/test_timer_dialog_wave.py::test_mutations_update_timer_label_immediately PASSED [ 67%]
tests/test_timer_dialog_wave.py::test_dialog_open_close_hundred_times_no_residue PASSED [ 67%]
tests/test_timer_dialog_wave.py::test_periodic_refresh_is_bound_to_page_identity PASSED [ 67%]
tests/test_timer_dialog_wave.py::test_alarm_delete_button_persists_exact_selected_object PASSED [ 67%]
tests/test_timer_dialog_wave.py::test_delete_without_selection_is_safe PASSED [ 67%]
tests/test_timer_dialog_wave.py::test_calendar_and_interval_delete_persist_and_refresh PASSED [ 67%]
tests/test_timer_fire.py::test_notify_on_plays_sound_and_shows_toast PASSED [ 68%]
tests/test_timer_fire.py::test_notify_off_no_toast_no_tray_but_sound PASSED [ 68%]
tests/test_timer_fire.py::test_global_sound_settings_not_mutated PASSED  [ 68%]
tests/test_timer_fire.py::test_pool_silent_still_notifies PASSED         [ 68%]
tests/test_timer_fire.py::test_check_timers_fires_alarm_and_calendar PASSED [ 68%]
tests/test_timer_fire.py::test_hidden_from_topbar_still_fires PASSED     [ 68%]
tests/test_timer_fire.py::test_missing_sound_ref_scheduler_survives PASSED [ 68%]
tests/test_timer_fire.py::test_test_notification_deep_copies_behavior PASSED [ 68%]
tests/test_timer_fire.py::test_snooze_repeating_creates_one_shot_clone_and_keeps_series PASSED [ 68%]
tests/test_timer_fire.py::test_snooze_one_shot_rearms_legacy PASSED      [ 68%]
tests/test_timer_fire.py::test_snooze_refuses_timer_not_owned_by_current_profile PASSED [ 68%]
tests/test_timer_fire.py::test_check_timers_isolates_one_bad_timer PASSED [ 68%]
tests/test_timer_fire.py::test_check_timers_still_saves_when_a_timer_raises PASSED [ 68%]
Fatal Python error: Aborted

Thread 0x00004468 (most recent call first):
  File "C:\Users\vac34\AppData\Local\Programs\Python\Python311\Lib\threading.py", line 331 in wait
  File "C:\Users\vac34\AppData\Local\Programs\Python\Python311\Lib\threading.py", line 629 in wait
  File "C:\Users\vac34\AppData\Local\Programs\Python\Python311\Lib\threading.py", line 1399 in run
  File "C:\Users\vac34\AppData\Local\Programs\Python\Python311\Lib\threading.py", line 1045 in _bootstrap_inner
  File "C:\Users\vac34\AppData\Local\Programs\Python\Python311\Lib\threading.py", line 1002 in _bootstrap

Thread 0x00005ce4 (most recent call first):
  File "C:\Users\vac34\AppData\Local\Programs\Python\Python311\Lib\threading.py", line 327 in wait
  File "V:\___VAC\__K\__CODE\_PY\_FastPrompter\src\fastprompter\main.py", line 12452 in _undo_writer_loop
  File "C:\Users\vac34\AppData\Local\Programs\Python\Python311\Lib\threading.py", line 982 in run
  File "C:\Users\vac34\AppData\Local\Programs\Python\Python311\Lib\threading.py", line 1045 in _bootstrap_inner
  File "C:\Users\vac34\AppData\Local\Programs\Python\Python311\Lib\threading.py", line 1002 in _bootstrap

Thread 0x00004390 (most recent call first):
  File "C:\Users\vac34\AppData\Local\Programs\Python\Python311\Lib\concurrent\futures\thread.py", line 81 in _worker
  File "C:\Users\vac34\AppData\Local\Programs\Python\Python311\Lib\threading.py", line 982 in run
  File "C:\Users\vac34\AppData\Local\Programs\Python\Python311\Lib\threading.py", line 1045 in _bootstrap_inner
  File "C:\Users\vac34\AppData\Local\Programs\Python\Python311\Lib\threading.py", line 1002 in _bootstrap

Thread 0x000056e0 (most recent call first):
  File "C:\Users\vac34\AppData\Local\Programs\Python\Python311\Lib\concurrent\futures\thread.py", line 81 in _worker
  File "C:\Users\vac34\AppData\Local\Programs\Python\Python311\Lib\threading.py", line 982 in run
  File "C:\Users\vac34\AppData\Local\Programs\Python\Python311\Lib\threading.py", line 1045 in _bootstrap_inner
  File "C:\Users\vac34\AppData\Local\Programs\Python\Python311\Lib\threading.py", line 1002 in _bootstrap

Thread 0x00003ee0 (most recent call first):
  File "C:\Users\vac34\AppData\Local\Programs\Python\Python311\Lib\concurrent\futures\thread.py", line 81 in _worker
  File "C:\Users\vac34\AppData\Local\Programs\Python\Python311\Lib\threading.py", line 982 in run
  File "C:\Users\vac34\AppData\Local\Programs\Python\Python311\Lib\threading.py", line 1045 in _bootstrap_inner
  File "C:\Users\vac34\AppData\Local\Programs\Python\Python311\Lib\threading.py", line 1002 in _bootstrap

Thread 0x00003a38 (most recent call first):
  File "C:\Users\vac34\AppData\Local\Programs\Python\Python311\Lib\concurrent\futures\thread.py", line 81 in _worker
  File "C:\Users\vac34\AppData\Local\Programs\Python\Python311\Lib\threading.py", line 982 in run
  File "C:\Users\vac34\AppData\Local\Programs\Python\Python311\Lib\threading.py", line 1045 in _bootstrap_inner
  File "C:\Users\vac34\AppData\Local\Programs\Python\Python311\Lib\threading.py", line 1002 in _bootstrap

Thread 0x00003310 (most recent call first):
  File "C:\Users\vac34\AppData\Local\Programs\Python\Python311\Lib\concurrent\futures\thread.py", line 81 in _worker
  File "C:\Users\vac34\AppData\Local\Programs\Python\Python311\Lib\threading.py", line 982 in run
  File "C:\Users\vac34\AppData\Local\Programs\Python\Python311\Lib\threading.py", line 1045 in _bootstrap_inner
  File "C:\Users\vac34\AppData\Local\Programs\Python\Python311\Lib\threading.py", line 1002 in _bootstrap

Thread 0x00004940 (most recent call first):
  File "C:\Users\vac34\AppData\Local\Programs\Python\Python311\Lib\concurrent\futures\thread.py", line 81 in _worker
  File "C:\Users\vac34\AppData\Local\Programs\Python\Python311\Lib\threading.py", line 982 in run
  File "C:\Users\vac34\AppData\Local\Programs\Python\Python311\Lib\threading.py", line 1045 in _bootstrap_inner
  File "C:\Users\vac34\AppData\Local\Programs\Python\Python311\Lib\threading.py", line 1002 in _bootstrap

Current thread 0x000051d4 (most recent call first):
  File "V:\___VAC\__K\__CODE\_PY\_FastPrompter\tests\test_timer_fire.py", line 290 in test_test_notification_job_is_registered_and_fires
  File "V:\___VAC\__K\__CODE\_PY\_FastPrompter\.venv\Lib\site-packages\_pytest\python.py", line 167 in pytest_pyfunc_call
  File "V:\___VAC\__K\__CODE\_PY\_FastPrompter\.venv\Lib\site-packages\pluggy\_callers.py", line 121 in _multicall
  File "V:\___VAC\__K\__CODE\_PY\_FastPrompter\.venv\Lib\site-packages\pluggy\_manager.py", line 120 in _hookexec
  File "V:\___VAC\__K\__CODE\_PY\_FastPrompter\.venv\Lib\site-packages\pluggy\_hooks.py", line 512 in __call__
  File "V:\___VAC\__K\__CODE\_PY\_FastPrompter\.venv\Lib\site-packages\_pytest\python.py", line 1707 in runtest
  File "V:\___VAC\__K\__CODE\_PY\_FastPrompter\.venv\Lib\site-packages\_pytest\runner.py", line 184 in pytest_runtest_call
  File "V:\___VAC\__K\__CODE\_PY\_FastPrompter\.venv\Lib\site-packages\pluggy\_callers.py", line 121 in _multicall
  File "V:\___VAC\__K\__CODE\_PY\_FastPrompter\.venv\Lib\site-packages\pluggy\_manager.py", line 120 in _hookexec
  File "V:\___VAC\__K\__CODE\_PY\_FastPrompter\.venv\Lib\site-packages\pluggy\_hooks.py", line 512 in __call__
  File "V:\___VAC\__K\__CODE\_PY\_FastPrompter\.venv\Lib\site-packages\_pytest\runner.py", line 250 in <lambda>
  File "V:\___VAC\__K\__CODE\_PY\_FastPrompter\.venv\Lib\site-packages\_pytest\runner.py", line 361 in from_call
  File "V:\___VAC\__K\__CODE\_PY\_FastPrompter\.venv\Lib\site-packages\_pytest\runner.py", line 249 in call_and_report
  File "V:\___VAC\__K\__CODE\_PY\_FastPrompter\.venv\Lib\site-packages\_pytest\runner.py", line 139 in runtestprotocol
  File "V:\___VAC\__K\__CODE\_PY\_FastPrompter\.venv\Lib\site-packages\_pytest\runner.py", line 118 in pytest_runtest_protocol
  File "V:\___VAC\__K\__CODE\_PY\_FastPrompter\.venv\Lib\site-packages\pluggy\_callers.py", line 121 in _multicall
  File "V:\___VAC\__K\__CODE\_PY\_FastPrompter\.venv\Lib\site-packages\pluggy\_manager.py", line 120 in _hookexec
  File "V:\___VAC\__K\__CODE\_PY\_FastPrompter\.venv\Lib\site-packages\pluggy\_hooks.py", line 512 in __call__
  File "V:\___VAC\__K\__CODE\_PY\_FastPrompter\.venv\Lib\site-packages\_pytest\main.py", line 408 in pytest_runtestloop
  File "V:\___VAC\__K\__CODE\_PY\_FastPrompter\.venv\Lib\site-packages\pluggy\_callers.py", line 121 in _multicall
  File "V:\___VAC\__K\__CODE\_PY\_FastPrompter\.venv\Lib\site-packages\pluggy\_manager.py", line 120 in _hookexec
  File "V:\___VAC\__K\__CODE\_PY\_FastPrompter\.venv\Lib\site-packages\pluggy\_hooks.py", line 512 in __call__
  File "V:\___VAC\__K\__CODE\_PY\_FastPrompter\.venv\Lib\site-packages\_pytest\main.py", line 384 in _main
  File "V:\___VAC\__K\__CODE\_PY\_FastPrompter\.venv\Lib\site-packages\_pytest\main.py", line 330 in wrap_session
  File "V:\___VAC\__K\__CODE\_PY\_FastPrompter\.venv\Lib\site-packages\_pytest\main.py", line 377 in pytest_cmdline_main
  File "V:\___VAC\__K\__CODE\_PY\_FastPrompter\.venv\Lib\site-packages\pluggy\_callers.py", line 121 in _multicall
  File "V:\___VAC\__K\__CODE\_PY\_FastPrompter\.venv\Lib\site-packages\pluggy\_manager.py", line 120 in _hookexec
  File "V:\___VAC\__K\__CODE\_PY\_FastPrompter\.venv\Lib\site-packages\pluggy\_hooks.py", line 512 in __call__
  File "V:\___VAC\__K\__CODE\_PY\_FastPrompter\.venv\Lib\site-packages\_pytest\config\__init__.py", line 229 in _main
  File "V:\___VAC\__K\__CODE\_PY\_FastPrompter\.venv\Lib\site-packages\_pytest\config\__init__.py", line 253 in _console_main
  File "V:\___VAC\__K\__CODE\_PY\_FastPrompter\.venv\Scripts\pytest.exe\__main__.py", line 10 in <module>
  File "<frozen runpy>", line 88 in _run_code
  File "<frozen runpy>", line 198 in _run_module_as_main

Extension modules: PyQt6.QtCore, PyQt6.QtGui, PyQt6.QtWidgets, PyQt6.QtNetwork, PyQt6.QtMultimedia, PyQt6.QtTest (total: 6)
tests/test_timer_fire.py::test_test_notification_job_is_registered_and_fires 
