============================= test session starts =============================
platform win32 -- Python 3.11.9, pytest-9.1.1, pluggy-1.6.0 -- V:\___VAC\__K\__CODE\_PY\_FastPrompter\.venv\Scripts\python.exe
cachedir: .pytest_cache
rootdir: V:\___VAC\__K\__CODE\_PY\_FastPrompter
configfile: pyproject.toml
plugins: timeout-2.4.0
timeout: 180.0s
timeout method: thread
timeout func_only: False
collecting ... collected 1933 items

tests/test_audit_core_tickets.py::TestCore001VerifiedRecoveryIdentity::test_mismatched_create_time_refuses_kill PASSED
tests/test_audit_core_tickets.py::TestCore001VerifiedRecoveryIdentity::test_mismatched_executable_refuses_kill PASSED
tests/test_audit_core_tickets.py::TestCore003WatcherResidualRemoved::test_legacy_watcher_queues_all_does_not_block_slot_reuse PASSED
18:23:26 [ERROR] fastprompter: database load failed; refusing to run on a database that could not be read
Traceback (most recent call last):
  File "V:\___VAC\__K\__CODE\_PY\_FastPrompter\src\fastprompter\core\state.py", line 2444, in init_db
    _assert_loader_rows(self.conn, exc=DatabaseOverflowError)
  File "V:\___VAC\__K\__CODE\_PY\_FastPrompter\src\fastprompter\core\state.py", line 1753, in _assert_loader_rows
    raise exc(
fastprompter.core.state.DatabaseOverflowError: temp_presets_v2 carries slot index >= 100 or <0 (legacy corruption); refusing to alias rows. Offending rows: Code@100
tests/test_audit_overflow.py::test_slot_99_and_100_never_merge_on_load PASSED
tests/test_audit_overflow.py::test_slot_99_only_loads_clean PASSED
18:23:26 [ERROR] fastprompter: database load failed; refusing to run on a database that could not be read
Traceback (most recent call last):
  File "V:\___VAC\__K\__CODE\_PY\_FastPrompter\src\fastprompter\core\state.py", line 2444, in init_db
    _assert_loader_rows(self.conn, exc=DatabaseOverflowError)
  File "V:\___VAC\__K\__CODE\_PY\_FastPrompter\src\fastprompter\core\state.py", line 1753, in _assert_loader_rows
    raise exc(
fastprompter.core.state.DatabaseOverflowError: archive_temp_presets_v2 carries slot index >= 100 or <0 (legacy corruption); refusing to alias rows. Offending rows: Code@100
tests/test_audit_overflow.py::test_archive_slot_99_and_100_never_merge_on_load PASSED
18:23:26 [ERROR] fastprompter: database load failed; refusing to run on a database that could not be read
Traceback (most recent call last):
  File "V:\___VAC\__K\__CODE\_PY\_FastPrompter\src\fastprompter\core\state.py", line 2444, in init_db
    _assert_loader_rows(self.conn, exc=DatabaseOverflowError)
  File "V:\___VAC\__K\__CODE\_PY\_FastPrompter\src\fastprompter\core\state.py", line 1753, in _assert_loader_rows
    raise exc(
fastprompter.core.state.DatabaseOverflowError: temp_presets_v2 carries slot index >= 100 or <0 (legacy corruption); refusing to alias rows. Offending rows: Code@-1
tests/test_audit_overflow.py::test_negative_slot_fails_closed_temp PASSED
18:23:26 [ERROR] fastprompter: database load failed; refusing to run on a database that could not be read
Traceback (most recent call last):
  File "V:\___VAC\__K\__CODE\_PY\_FastPrompter\src\fastprompter\core\state.py", line 2444, in init_db
    _assert_loader_rows(self.conn, exc=DatabaseOverflowError)
  File "V:\___VAC\__K\__CODE\_PY\_FastPrompter\src\fastprompter\core\state.py", line 1753, in _assert_loader_rows
    raise exc(
fastprompter.core.state.DatabaseOverflowError: archive_temp_presets_v2 carries slot index >= 100 or <0 (legacy corruption); refusing to alias rows. Offending rows: Code@-1
tests/test_audit_overflow.py::test_negative_slot_fails_closed_archive PASSED
tests/test_audit_overflow.py::test_window_flags_single_branch PASSED
QFontDatabase: Cannot find font directory V:/___VAC/__K/__CODE/_PY/_FastPrompter/.venv/Lib/site-packages/PyQt6/Qt6/lib/fonts.
Note that Qt no longer ships fonts. Deploy some (from https://dejavu-fonts.github.io/ for example) or switch to fontconfig.
This plugin does not support raise()
tests/test_cat_numbox_shrink.py::test_cat_numbox_buttons_squeeze_into_cards_without_hiding PASSED
This plugin does not support raise()
tests/test_cat_numbox_shrink.py::test_rebuild_after_show_keeps_buttons_visible PASSED
tests/test_category_alias.py::TestBindActiveCategory::test_binds_every_alias_to_the_target_category PASSED
tests/test_category_alias.py::TestBindActiveCategory::test_no_cross_category_leakage_switching_a_b_a PASSED
tests/test_category_alias.py::TestBindActiveCategory::test_missing_category_gets_a_fresh_empty_store PASSED
tests/test_category_alias.py::TestBindActiveCategory::test_corrupt_all_store_is_replaced PASSED
tests/test_category_alias.py::TestBindActiveCategory::test_registry_covers_every_per_category_store PASSED
18:23:27 [WARNING] fastprompter: per-category store 'silo_ticked_all' carries a dict value for category 'A'; binding the natural empty value instead
18:23:27 [WARNING] fastprompter: per-category store 'silo_selected_all' carries a dict value for category 'A'; binding the natural empty value instead
18:23:27 [WARNING] fastprompter: per-category store 'silo_collapsed_all' carries a dict value for category 'A'; binding the natural empty value instead
18:23:27 [WARNING] fastprompter: per-category store 'silo_gaps_all' carries a dict value for category 'A'; binding the natural empty value instead
18:23:27 [WARNING] fastprompter: per-category store 'silo_ticked_all' carries a dict value for category 'B'; dropping the member
18:23:27 [WARNING] fastprompter: per-category store 'silo_selected_all' carries a dict value for category 'B'; dropping the member
18:23:27 [WARNING] fastprompter: per-category store 'silo_collapsed_all' carries a dict value for category 'B'; dropping the member
18:23:27 [WARNING] fastprompter: per-category store 'silo_gaps_all' carries a dict value for category 'B'; dropping the member
tests/test_category_alias.py::TestAliasPersistence::test_no_leakage_through_save_reload PASSED
tests/test_cheatsheet_drift.py::test_cheatsheet_rows_are_in_the_code PASSED
tests/test_cheatsheet_drift.py::test_deliberately_stale_row_fails[Ctrl+ZZZ] PASSED
tests/test_cheatsheet_drift.py::test_deliberately_stale_row_fails[Alt+Nonexistent] PASSED
tests/test_clickable_links.py::test_source_links PASSED
tests/test_clickable_links.py::test_live_preview_links PASSED
tests/test_clickable_links.py::test_reading_links PASSED
tests/test_clickable_links.py::test_t1016_executable_links_require_approval PASSED
tests/test_clickable_links.py::test_core003_every_local_type_requires_confirmation[.exe] PASSED
tests/test_clickable_links.py::test_core003_every_local_type_requires_confirmation[.com] PASSED
tests/test_clickable_links.py::test_core003_every_local_type_requires_confirmation[.scr] PASSED
tests/test_clickable_links.py::test_core003_every_local_type_requires_confirmation[.hta] PASSED
tests/test_clickable_links.py::test_core003_every_local_type_requires_confirmation[.cmd] PASSED
tests/test_clickable_links.py::test_core003_every_local_type_requires_confirmation[.bat] PASSED
tests/test_clickable_links.py::test_core003_every_local_type_requires_confirmation[.ps1] PASSED
tests/test_clickable_links.py::test_core003_every_local_type_requires_confirmation[.vbs] PASSED
tests/test_clickable_links.py::test_core003_every_local_type_requires_confirmation[.js] PASSED
tests/test_clickable_links.py::test_core003_every_local_type_requires_confirmation[.wsf] PASSED
tests/test_clickable_links.py::test_core003_every_local_type_requires_confirmation[.msc] PASSED
tests/test_clickable_links.py::test_core003_every_local_type_requires_confirmation[.lnk] PASSED
tests/test_clickable_links.py::test_core003_every_local_type_requires_confirmation[.url] PASSED
tests/test_clickable_links.py::test_core003_every_local_type_requires_confirmation[.py] PASSED
tests/test_clickable_links.py::test_core003_every_local_type_requires_confirmation[.pyw] PASSED
tests/test_clickable_links.py::test_core003_every_local_type_requires_confirmation[.cpl] PASSED
tests/test_clickable_links.py::test_core003_every_local_type_requires_confirmation[.msi] PASSED
tests/test_clickable_links.py::test_core003_every_local_type_requires_confirmation[.msp] PASSED
tests/test_clickable_links.py::test_core003_every_local_type_requires_confirmation[.vbe] PASSED
tests/test_clickable_links.py::test_core003_every_local_type_requires_confirmation[.jse] PASSED
tests/test_clickable_links.py::test_core003_every_local_type_requires_confirmation[.jar] PASSED
tests/test_clickable_links.py::test_core003_every_local_type_requires_confirmation[.reg] PASSED
tests/test_clickable_links.py::test_core003_every_local_type_requires_confirmation[.pif] PASSED
tests/test_clickable_links.py::test_core003_every_local_type_requires_confirmation[.txt] PASSED
tests/test_clickable_links.py::test_core003_every_local_type_requires_confirmation[.md] PASSED
tests/test_clickable_links.py::test_core003_every_local_type_requires_confirmation[.png] PASSED
tests/test_clickable_links.py::test_core003_every_local_type_requires_confirmation[.pdf] PASSED
tests/test_clickable_links.py::test_core003_every_local_type_requires_confirmation[.docx] PASSED
tests/test_clickable_links.py::test_core003_every_local_type_requires_confirmation[] PASSED
tests/test_clickable_links.py::test_core003_every_local_type_requires_confirmation[.unknown] PASSED
tests/test_clickable_links.py::test_core003_web_links_bypass_confirmation PASSED
tests/test_close_save_contract.py::test_close_save_contract PASSED
tests/test_color_reset.py::test_reset_restores_every_canonical_key_including_notifications PASSED
tests/test_config.py::TestExtractBg::test_extract_bg_simple PASSED
tests/test_config.py::TestExtractBg::test_extract_bg_no_match PASSED
tests/test_config.py::TestExtractBg::test_extract_bg_empty_string PASSED
tests/test_config.py::TestExtractBg::test_extract_bg_multiline PASSED
tests/test_config.py::TestExtractBg::test_extract_bg_short_hex PASSED
tests/test_config.py::TestExtractBg::test_extract_bg_uppercase PASSED
tests/test_config.py::TestExtractBg::test_extract_bg_rgba_no_match PASSED
tests/test_config.py::TestExtractColor::test_extract_color_simple PASSED
tests/test_config.py::TestExtractColor::test_extract_color_no_match PASSED
tests/test_config.py::TestExtractColor::test_extract_color_empty_string PASSED
tests/test_config.py::TestExtractColor::test_extract_color_multiline PASSED
tests/test_config.py::TestExtractColor::test_extract_color_after_background PASSED
tests/test_config.py::TestExtractColor::test_extract_color_before_background PASSED
tests/test_config.py::TestExtractColor::test_extract_color_named_no_match PASSED
tests/test_core001_productivity_alarm.py::test_phase_end_once_notifies PASSED
tests/test_core001_productivity_alarm.py::test_replay_cadence_sound_only PASSED
tests/test_core001_productivity_alarm.py::test_acknowledge_stops_replay PASSED
tests/test_core001_productivity_alarm.py::test_repeat_false_is_oneshot PASSED
tests/test_core001_productivity_alarm.py::test_sound_disabled_never_rings PASSED
tests/test_core001_productivity_alarm.py::test_work_alarm_keeps_work_sound_in_break PASSED
tests/test_core001_productivity_alarm.py::test_disabling_sound_silences_pending PASSED
18:23:29 [WARNING] fastprompter: Trash write failed: disk full
tests/test_core001_trash.py::test_trash_write_failure_is_fail_closed PASSED
tests/test_core001_trash.py::test_trash_blank_text_is_noop PASSED
tests/test_core001_trash.py::test_trash_success_returns_written_path PASSED
tests/test_core001_trash.py::test_trash_records_folder_link_on_success PASSED
tests/test_core002_retirement_journal.py::test_journal_write_failure_aborts_move PASSED
tests/test_core002_retirement_journal.py::test_successful_move_keeps_journal PASSED
tests/test_core002_volume_slider.py::test_legacy_volume_not_pinned_to_100 PASSED
tests/test_core002_volume_slider.py::test_canonical_volume_preserved PASSED
tests/test_core002_volume_slider.py::test_malformed_volume_falls_back PASSED
tests/test_core002_volume_slider.py::test_legacy_parser_boundaries PASSED
tests/test_core003_find_sound_index.py::test_named_resolves_to_named_not_file PASSED
tests/test_core003_find_sound_index.py::test_file_ref_resolves_to_file PASSED
tests/test_core003_find_sound_index.py::test_file_ref_case_insensitive PASSED
tests/test_core003_find_sound_index.py::test_legacy_wav_alias_resolves_to_file PASSED
tests/test_core003_find_sound_index.py::test_named_never_matches_file_stem PASSED
tests/test_core003_find_sound_index.py::test_exact_file_passthrough PASSED
tests/test_core004_reset_layout.py::test_reset_copies_default_profile_values PASSED
tests/test_core004_reset_layout.py::test_reset_splitter_never_empty_string PASSED
tests/test_core005_missing_sound_ref.py::test_missing_ref_shows_marker_with_original_data PASSED
tests/test_core005_missing_sound_ref.py::test_missing_marker_not_duplicated PASSED
tests/test_core005_missing_sound_ref.py::test_resolved_ref_selects_existing PASSED
tests/test_core005_missing_sound_ref.py::test_legacy_wav_missing_ref PASSED
tests/test_core005_missing_sound_ref.py::test_empty_ref_is_noop PASSED
tests/test_cursor_theme.py::test_hotspot_is_read_from_the_header PASSED
tests/test_cursor_theme.py::test_an_icon_is_not_a_cursor PASSED
tests/test_cursor_theme.py::test_junk_files_do_not_raise PASSED
tests/test_cursor_theme.py::test_zero_image_count_is_rejected PASSED
tests/test_cursor_theme.py::test_the_role_table_covers_the_shapes_that_matter PASSED
tests/test_cursor_theme.py::test_the_full_set_url_is_the_users_own PASSED
tests/test_cursor_theme.py::test_scheme_order_matches_what_windows_writes PASSED
tests/test_cursor_theme.py::test_capture_copies_the_files_rather_than_pointing_at_them PASSED
tests/test_cursor_theme.py::test_load_bundle_without_a_copy_is_empty PASSED
tests/test_cursor_theme.py::test_a_corrupt_manifest_does_not_raise PASSED
tests/test_cursor_theme.py::test_a_manifest_naming_missing_files_yields_nothing PASSED
tests/test_cursor_theme.py::test_best_available_prefers_the_applied_scheme PASSED
tests/test_cursor_theme.py::test_best_available_falls_back_to_the_users_own_saved_scheme PASSED
tests/test_cursor_theme.py::test_with_no_obvious_set_the_richest_one_wins PASSED
tests/test_cursor_theme.py::test_nothing_saved_and_nothing_applied PASSED
tests/test_debug.py::test_debug unsafe returned: None
safe returned: PyQt6.QtCore.QUrl('https://example.com')
PASSED
tests/test_duration.py::TestParseDuration::test_the_headline_case PASSED
tests/test_duration.py::TestParseDuration::test_single_units PASSED
tests/test_duration.py::TestParseDuration::test_separators_and_filler_words PASSED
tests/test_duration.py::TestParseDuration::test_fractional PASSED
tests/test_duration.py::TestParseDuration::test_bare_number_means_minutes PASSED
tests/test_duration.py::TestParseDuration::test_hm_shorthand PASSED
tests/test_duration.py::TestParseDuration::test_russian PASSED
tests/test_duration.py::TestParseDuration::test_case_and_spacing_insensitive PASSED
tests/test_duration.py::TestParseDuration::test_refuses_garbage_instead_of_guessing PASSED
tests/test_duration.py::TestParseDuration::test_refuses_absurd_lengths PASSED
tests/test_duration.py::TestParseWhen::test_clock_time_later_today PASSED
tests/test_duration.py::TestParseWhen::test_time_already_passed_means_tomorrow PASSED
tests/test_duration.py::TestParseWhen::test_explicit_tomorrow PASSED
tests/test_duration.py::TestParseWhen::test_rejects_non_times PASSED
tests/test_duration.py::TestResolveTarget::test_prefers_absolute_then_falls_back_to_duration PASSED
tests/test_duration.py::TestFormatRemaining::test_scales_the_unit_to_what_is_left PASSED
tests/test_duration.py::TestFormatRemaining::test_short_form PASSED
tests/test_duration.py::TestPresets::test_every_preset_actually_parses PASSED
tests/test_duration.py::test_format_remaining_minutes_flag PASSED
tests/test_duration.py::TestPickerFormatRoundTrip::test_picker_format_parses PASSED
tests/test_duration.py::TestPickerFormatRoundTrip::test_every_string_the_picker_can_produce PASSED
tests/test_duration.py::TestPickerFormatRoundTrip::test_a_dated_moment_in_the_past_stays_in_the_past PASSED
tests/test_duration.py::TestPickerFormatRoundTrip::test_bare_date_is_midnight PASSED
tests/test_duration.py::TestPickerFormatRoundTrip::test_nonsense_date_is_still_not_a_time PASSED
tests/test_duration.py::TestPickerFormatRoundTrip::test_durations_still_win_where_they_should PASSED
tests/test_editor_document_cache.py::test_unchanged_document_attach_reuses_feature_metadata PASSED
tests/test_editor_document_cache.py::test_many_short_lines_get_only_bounded_attach_scan PASSED
tests/test_editor_pinned_selection.py::test_ctrl_click_pins_and_toggles_word PASSED
tests/test_editor_pinned_selection.py::test_ctrl_triple_click_in_press_path_clears_all PASSED
tests/test_editor_pinned_selection.py::test_pins_survive_a_document_swap_and_stay_per_document PASSED
tests/test_editor_pinned_selection.py::test_triple_click_ctrl_clears_all PASSED
tests/test_editor_pinned_selection.py::test_text_change_keeps_pinned_ranges_alive PASSED
tests/test_editor_pinned_selection.py::test_rendered_as_extra_selections PASSED
tests/test_fancy_zones_ui_state.py::TestIdenticalStateIsNotReapplied::test_the_same_theme_is_not_rebuilt PASSED
tests/test_fancy_zones_ui_state.py::TestIdenticalStateIsNotReapplied::test_the_same_font_size_is_not_reapplied PASSED
tests/test_fancy_zones_ui_state.py::TestIdenticalStateIsNotReapplied::test_the_same_scale_is_not_reapplied PASSED
tests/test_fancy_zones_ui_state.py::TestIdenticalStateIsNotReapplied::test_the_same_toolbar_side_is_not_reapplied PASSED
tests/test_fancy_zones_ui_state.py::TestIdenticalStateIsNotReapplied::test_the_users_own_preset_shape_is_a_complete_no_op PASSED
tests/test_fancy_zones_ui_state.py::TestDifferingStateIsStillApplied::test_a_different_theme_is_applied PASSED
tests/test_fancy_zones_ui_state.py::TestDifferingStateIsStillApplied::test_a_different_font_size_is_applied PASSED
tests/test_fancy_zones_ui_state.py::TestDifferingStateIsStillApplied::test_a_different_scale_is_applied PASSED
tests/test_fancy_zones_ui_state.py::TestDifferingStateIsStillApplied::test_a_different_toolbar_side_is_applied PASSED
tests/test_fancy_zones_ui_state.py::TestDifferingStateIsStillApplied::test_all_four_at_once PASSED
tests/test_fancy_zones_ui_state.py::TestDifferingStateIsStillApplied::test_a_preset_carrying_nothing_touches_nothing PASSED
tests/test_fancy_zones_ui_state.py::TestSkippingNeverHidesADriftedControl::test_a_stale_spin_box_is_still_resynced PASSED
tests/test_fancy_zones_ui_state.py::TestSkippingNeverHidesADriftedControl::test_font_already_needs_data_and_control_to_agree PASSED
tests/test_fancy_zones_ui_state.py::TestSkippingNeverHidesADriftedControl::test_a_window_without_a_spin_box_compares_data_only PASSED
tests/test_fancy_zones_ui_state.py::TestComparisonsAreClampAware::test_an_out_of_range_scale_settles_instead_of_looping PASSED
tests/test_fancy_zones_ui_state.py::TestComparisonsAreClampAware::test_float_noise_is_not_a_difference PASSED
tests/test_fancy_zones_ui_state.py::TestComparisonsAreClampAware::test_a_real_scale_step_still_counts PASSED
tests/test_fancy_zones_ui_state.py::TestComparisonsAreClampAware::test_garbage_values_never_skip_silently PASSED
tests/test_fancy_zones_ui_state.py::TestComparisonsAreClampAware::test_an_unparseable_preset_value_is_ignored_not_guessed PASSED
tests/test_fastprompter_night_upgrade.py::test_default_profile_has_user_foundational_settings PASSED
tests/test_fastprompter_night_upgrade.py::test_state_codecs_register_interval_notifs_and_quick_bar PASSED
tests/test_fastprompter_night_upgrade.py::test_sound_manager_defaults_aligned PASSED
tests/test_fastprompter_night_upgrade.py::test_big_analog_clock_construction_and_sync PASSED
tests/test_fastprompter_night_upgrade.py::test_big_analog_clock_signals_interval PASSED
tests/test_fastprompter_night_upgrade.py::test_big_analog_clock_renders_cleanly PASSED
tests/test_fastprompter_night_upgrade.py::test_interval_notification_engine_clock_boundary PASSED
tests/test_fastprompter_night_upgrade.py::test_timer_dialog_reconstructed_layout PASSED
tests/test_fastprompter_night_upgrade.py::test_timer_dialog_1_click_selection_in_place_refresh PASSED
tests/test_fastprompter_night_upgrade.py::test_interval_tab_crud PASSED
tests/test_fastprompter_night_upgrade.py::test_interval_tab_children_fit_the_default_size PASSED
qt.multimedia.ffmpeg: Using Qt multimedia with FFmpeg version 7.1.3 LGPL version 2.1 or later
tests/test_fastprompter_night_upgrade.py::test_interval_quick_bar_pick_and_store PASSED
tests/test_fastprompter_night_upgrade.py::test_mini_analog_clock_click_opens_interval_tab PASSED
tests/test_fastprompter_night_upgrade.py::test_interval_sound_selection_persistence_and_matching PASSED
tests/test_files_hotkey.py::TestToggleFilesHotkeyDefault::test_default_value_in_default_profile PASSED
tests/test_files_hotkey.py::TestToggleFilesHotkeyDefault::test_default_parses_to_alt_f PASSED
tests/test_files_hotkey.py::TestToggleFilesHotkeyCustom::test_ctrl_shift_f_parses PASSED
tests/test_files_hotkey.py::TestToggleFilesHotkeyCustom::test_empty_string_parses_to_zero PASSED
tests/test_files_hotkey.py::TestToggleFilesHotkeySoundContract::test_toggle_files_hotkey_is_sound_self PASSED
tests/test_files_hotkey.py::TestToggleFilesHotkeySoundContract::test_toggle_files_hotkey_sound_event_maps_to_chest PASSED
tests/test_files_hotkey.py::TestToggleFilesHotkeyIsReachable::test_settings_dialog_exposes_the_binding PASSED
tests/test_files_hotkey.py::TestToggleFilesHotkeyIsReachable::test_settings_dialog_saves_and_resets_the_binding PASSED
tests/test_files_hotkey.py::TestToggleFilesHotkeyIsReachable::test_alt_slot_is_bound PASSED
tests/test_files_hotkey.py::TestToggleFilesHotkeyIsReachable::test_cheatsheet_documents_alt_f PASSED
tests/test_fonts.py::test_a_plain_name_resolves_to_its_m1_build_when_installed PASSED
tests/test_fonts.py::test_a_name_with_no_m1_build_is_unchanged PASSED
tests/test_fonts.py::test_asking_for_the_m1_family_directly_is_idempotent PASSED
tests/test_fonts.py::test_the_rule_is_generic_not_a_verdana_list PASSED
tests/test_fonts.py::test_an_empty_name_is_left_alone PASSED
tests/test_fonts.py::test_display_strips_the_m1_suffix PASSED
tests/test_fonts.py::test_resolve_and_display_are_inverses_for_an_m1_font PASSED
tests/test_fonts.py::test_no_aa_stamps_the_non_antialiased_strategy PASSED
tests/test_formatting_mixin.py::TestRegexPatterns::test_re_dash_line_matches_dashes PASSED
tests/test_formatting_mixin.py::TestRegexPatterns::test_re_dash_line_rejects_non_dashes PASSED
tests/test_formatting_mixin.py::TestRegexPatterns::test_re_header_dash_same_as_dash_line PASSED
tests/test_formatting_mixin.py::TestRegexPatterns::test_re_list_item_matches_dash PASSED
tests/test_formatting_mixin.py::TestRegexPatterns::test_re_list_item_matches_star PASSED
tests/test_formatting_mixin.py::TestRegexPatterns::test_re_list_item_matches_bullet PASSED
tests/test_formatting_mixin.py::TestRegexPatterns::test_re_list_item_matches_numbered PASSED
tests/test_formatting_mixin.py::TestRegexPatterns::test_re_list_item_rejects_plain_text PASSED
tests/test_formatting_mixin.py::TestRegexPatterns::test_re_list_sub_removes_dash PASSED
tests/test_formatting_mixin.py::TestRegexPatterns::test_re_list_sub_removes_star PASSED
tests/test_formatting_mixin.py::TestRegexPatterns::test_re_list_sub_removes_bullet PASSED
tests/test_formatting_mixin.py::TestRegexPatterns::test_re_list_sub_removes_numbered PASSED
tests/test_formatting_mixin.py::TestRegexPatterns::test_re_bullet_matches_bullet PASSED
tests/test_formatting_mixin.py::TestRegexPatterns::test_re_bullet_rejects_dash PASSED
tests/test_formatting_mixin.py::TestRegexPatterns::test_re_bold_matches PASSED
tests/test_formatting_mixin.py::TestRegexPatterns::test_re_italic_matches PASSED
tests/test_formatting_mixin.py::TestRegexPatterns::test_re_italic_does_not_match_double_star_outside PASSED
tests/test_formatting_mixin.py::TestRegexPatterns::test_re_inline_code_matches PASSED
tests/test_formatting_mixin.py::TestRegexPatterns::test_re_link_matches PASSED
tests/test_formatting_mixin.py::TestRegexPatterns::test_re_url_matches_bare_http PASSED
tests/test_formatting_mixin.py::TestRegexPatterns::test_re_url_matches_bare_https PASSED
tests/test_formatting_mixin.py::TestRegexPatterns::test_re_url_skips_url_inside_markdown_link PASSED
tests/test_formatting_mixin.py::TestSimpleMarkdownToHtml::test_plain_text PASSED
tests/test_formatting_mixin.py::TestSimpleMarkdownToHtml::test_bold PASSED
tests/test_formatting_mixin.py::TestSimpleMarkdownToHtml::test_italic PASSED
tests/test_formatting_mixin.py::TestSimpleMarkdownToHtml::test_header_h1 PASSED
tests/test_formatting_mixin.py::TestSimpleMarkdownToHtml::test_header_h2 PASSED
tests/test_formatting_mixin.py::TestSimpleMarkdownToHtml::test_header_h3 PASSED
tests/test_formatting_mixin.py::TestSimpleMarkdownToHtml::test_blockquote PASSED
tests/test_formatting_mixin.py::TestSimpleMarkdownToHtml::test_horizontal_rule PASSED
tests/test_formatting_mixin.py::TestSimpleMarkdownToHtml::test_bullet_dash PASSED
tests/test_formatting_mixin.py::TestSimpleMarkdownToHtml::test_bullet_asterisk PASSED
tests/test_formatting_mixin.py::TestSimpleMarkdownToHtml::test_bullet_numbered PASSED
tests/test_formatting_mixin.py::TestSimpleMarkdownToHtml::test_code_block PASSED
tests/test_formatting_mixin.py::TestSimpleMarkdownToHtml::test_inline_code PASSED
tests/test_formatting_mixin.py::TestSimpleMarkdownToHtml::test_link PASSED
tests/test_formatting_mixin.py::TestSimpleMarkdownToHtml::test_bare_url PASSED
tests/test_formatting_mixin.py::TestSimpleMarkdownToHtml::test_bare_url_in_bullet PASSED
tests/test_formatting_mixin.py::TestSimpleMarkdownToHtml::test_markdown_link_not_double_wrapped PASSED
tests/test_formatting_mixin.py::TestSimpleMarkdownToHtml::test_html_escaping PASSED
tests/test_formatting_mixin.py::TestSimpleMarkdownToHtml::test_empty_string PASSED
tests/test_formatting_mixin.py::TestSimpleMarkdownToHtml::test_multiple_lines PASSED
tests/test_formatting_mixin.py::TestSimpleMarkdownToHtml::test_mixed_formatting PASSED
tests/test_formatting_mixin.py::TestSimpleMarkdownToHtml::test_bullet_with_formatting PASSED
tests/test_formatting_mixin.py::TestSimpleMarkdownToHtml::test_consecutive_headers PASSED
tests/test_formatting_mixin.py::TestSimpleMarkdownToHtml::test_blockquote_with_formatting PASSED
tests/test_formatting_mixin.py::TestSimpleMarkdownToHtml::test_empty_block_still_wraps_body PASSED
tests/test_formatting_mixin.py::TestSimpleMarkdownToHtml::test_bullet_with_inline_code PASSED
tests/test_formatting_mixin.py::TestSimpleMarkdownToHtml::test_star_inside_word_not_italic PASSED
tests/test_formatting_mixin.py::TestSimpleMarkdownToHtml::test_link_in_bullet PASSED
tests/test_formatting_mixin.py::TestBulletConversionLogic::test_dash_to_bullet_conversion PASSED
tests/test_formatting_mixin.py::TestBulletConversionLogic::test_bullet_to_dash_conversion PASSED
tests/test_formatting_mixin.py::TestBulletConversionLogic::test_dash_line_preserved_during_conversion PASSED
tests/test_formatting_mixin.py::TestBulletConversionLogic::test_indented_dash_conversion PASSED
tests/test_hashtags.py::test_a_plain_tag_is_found PASSED
tests/test_hashtags.py::test_markdown_headers_are_not_tags PASSED
tests/test_hashtags.py::test_a_tag_on_a_header_line_is_ignored_not_half_read PASSED
tests/test_hashtags.py::test_tags_are_case_insensitive PASSED
tests/test_hashtags.py::test_tags_keep_first_seen_order_and_do_not_repeat PASSED
tests/test_hashtags.py::test_unicode_tags_work PASSED
tests/test_hashtags.py::test_dashes_and_underscores_are_allowed_inside PASSED
tests/test_hashtags.py::test_a_tag_cannot_start_with_a_digit_only_rule_is_word_char PASSED
tests/test_hashtags.py::test_a_bare_hash_is_not_a_tag PASSED
tests/test_hashtags.py::test_a_hash_inside_a_word_is_not_a_tag PASSED
tests/test_hashtags.py::test_double_hash_mid_line_is_not_a_tag PASSED
tests/test_hashtags.py::test_empty_and_none_are_safe PASSED
tests/test_hashtags.py::test_tag_at_finds_the_tag_under_a_click PASSED
tests/test_hashtags.py::test_tag_at_picks_the_right_one_of_several PASSED
tests/test_hashtags.py::test_occurrences_span_every_silo PASSED
tests/test_hashtags.py::test_occurrences_accept_the_tag_written_with_its_hash PASSED
tests/test_hashtags.py::test_occurrences_are_case_insensitive PASSED
tests/test_hashtags.py::test_line_numbers_are_one_based_to_match_the_gutter PASSED
tests/test_hashtags.py::test_a_silo_without_a_name_still_gets_a_label PASSED
tests/test_hashtags.py::test_junk_silos_do_not_break_the_search PASSED
tests/test_hashtags.py::test_an_empty_tag_finds_nothing PASSED
tests/test_hashtags.py::test_collect_all_counts_lines_not_mentions PASSED
tests/test_hashtags.py::test_collect_all_on_nothing PASSED
tests/test_hotkey_filter.py::TestHotkeyFilterInit::test_window_is_stored PASSED
tests/test_hotkey_filter.py::TestHotkeyFilterInit::test_extends_abstract_event_filter PASSED
tests/test_hotkey_filter.py::TestWMHotkeyDispatch::test_wparam_1_toggles_visibility PASSED
tests/test_hotkey_filter.py::TestWMHotkeyDispatch::test_wparam_101_toggles_visibility_alt PASSED
tests/test_hotkey_filter.py::TestWMHotkeyDispatch::test_wparam_2_shows_quick_list PASSED
tests/test_hotkey_filter.py::TestWMHotkeyDispatch::test_wparam_102_shows_quick_list_alt PASSED
tests/test_hotkey_filter.py::TestWMHotkeyDispatch::test_wparam_3_lock_not_handled_globally PASSED
tests/test_hotkey_filter.py::TestWMHotkeyDispatch::test_wparam_103_lock_alt_not_handled_globally PASSED
tests/test_hotkey_filter.py::TestWMHotkeyDispatch::test_wparam_4_aot_not_handled_globally PASSED
tests/test_hotkey_filter.py::TestWMHotkeyDispatch::test_wparam_104_aot_alt_not_handled_globally PASSED
tests/test_hotkey_filter.py::TestWMHotkeyDispatch::test_wparam_5_sidebar_not_handled_globally PASSED
tests/test_hotkey_filter.py::TestWMHotkeyDispatch::test_wparam_105_sidebar_alt_not_handled_globally PASSED
tests/test_hotkey_filter.py::TestWMHotkeyDispatch::test_wparam_10_snippet_not_handled_globally PASSED
tests/test_hotkey_filter.py::TestWMHotkeyDispatch::test_wparam_14_snippet_not_handled_globally PASSED
tests/test_hotkey_filter.py::TestWMHotkeyDispatch::test_wparam_110_snippet_alt_not_handled_globally PASSED
tests/test_hotkey_filter.py::TestWMHotkeyDispatch::test_wparam_114_snippet_alt_not_handled_globally PASSED
tests/test_hotkey_filter.py::TestWMHotkeyDispatch::test_wparam_20_silo_not_handled_globally PASSED
tests/test_hotkey_filter.py::TestWMHotkeyDispatch::test_wparam_24_silo_not_handled_globally PASSED
tests/test_hotkey_filter.py::TestWMHotkeyDispatch::test_wparam_120_silo_alt_not_handled_globally PASSED
tests/test_hotkey_filter.py::TestWMHotkeyDispatch::test_wparam_124_silo_alt_not_handled_globally PASSED
tests/test_hotkey_filter.py::TestWMSysCommand::test_sc_keymenu_is_consumed PASSED
tests/test_hotkey_filter.py::TestWMSysCommand::test_other_syscommand_is_not_consumed PASSED
tests/test_hotkey_filter.py::TestEdgeCases::test_unknown_wparam_does_nothing PASSED
tests/test_hotkey_filter.py::TestEdgeCases::test_non_windows_event_type_returns_false PASSED
tests/test_hotkey_filter.py::TestEdgeCases::test_windows_dispatcher_msg_also_works PASSED
tests/test_hotkey_filter.py::TestEdgeCases::test_snippet_wparam_out_of_range_does_nothing PASSED
tests/test_hotkey_filter.py::TestEdgeCases::test_snippet_wparam_above_range_does_nothing PASSED
tests/test_hotkey_filter.py::TestEdgeCases::test_alternate_snippet_wparam_out_of_range_does_nothing PASSED
tests/test_hotkey_filter.py::TestEdgeCases::test_silo_wparam_below_range_does_nothing PASSED
tests/test_hotkey_filter.py::TestEdgeCases::test_both_wm_hotkey_and_syscommand_check_order PASSED
tests/test_hotkey_filter.py::TestEdgeCases::test_multiple_hotkeys_sequentially PASSED
tests/test_hotkey_migration.py::test_profile_ships_canonical_lock_and_aot PASSED
tests/test_hotkey_migration.py::test_no_swapped_lock_aot_defaults_anywhere PASSED
tests/test_hotkey_migration.py::test_canonical_defaults_are_present_in_the_binding_sites PASSED
tests/test_hotkey_migration.py::test_every_dialog_alt_slot_is_bound_somewhere PASSED
tests/test_hotkey_migration.py::test_the_14_window_local_alt_slots_are_exactly_bound PASSED
tests/test_hotkeys.py::TestResolveVk::test_letters PASSED
tests/test_hotkeys.py::TestResolveVk::test_digits PASSED
tests/test_hotkeys.py::TestResolveVk::test_function_keys PASSED
tests/test_hotkeys.py::TestResolveVk::test_named_keys PASSED
tests/test_hotkeys.py::TestResolveVk::test_arrow_keys PASSED
tests/test_hotkeys.py::TestResolveVk::test_oem_fallback PASSED
tests/test_hotkeys.py::TestResolveVk::test_unknown_key_returns_zero PASSED
tests/test_hotkeys.py::TestParseHotkey::test_empty_string PASSED
tests/test_hotkeys.py::TestParseHotkey::test_single_key PASSED
tests/test_hotkeys.py::TestParseHotkey::test_ctrl_alt_shift PASSED
tests/test_hotkeys.py::TestParseHotkey::test_ctrl_key PASSED
tests/test_hotkeys.py::TestParseHotkey::test_alt_key PASSED
tests/test_hotkeys.py::TestParseHotkey::test_shift_key PASSED
tests/test_hotkeys.py::TestParseHotkey::test_win_key PASSED
tests/test_hotkeys.py::TestParseHotkey::test_all_modifiers PASSED
tests/test_hotkeys.py::TestParseHotkey::test_numpad_keys PASSED
tests/test_hotkeys.py::TestParseHotkey::test_function_keys PASSED
tests/test_hotkeys.py::TestParseHotkey::test_case_insensitive PASSED
tests/test_hotkeys.py::TestParseHotkey::test_whitespace_tolerance PASSED
tests/test_hotkeys.py::TestParseHotkey::test_default_hotkeys PASSED
tests/test_hotkeys.py::TestParseHotkey::test_special_character_handling PASSED
tests/test_hotkeys.py::TestShiftedSymbolsResolveToTheirPhysicalKey::test_no_shifted_symbol_resolves_to_zero PASSED
tests/test_hotkeys.py::TestShiftedSymbolsResolveToTheirPhysicalKey::test_shifted_and_unshifted_are_the_same_physical_key PASSED
tests/test_hotkeys.py::TestShiftedSymbolsResolveToTheirPhysicalKey::test_alt_tilde_parses_to_a_real_key PASSED
tests/test_hotkeys.py::TestShiftedSymbolsResolveToTheirPhysicalKey::test_every_default_hotkey_resolves PASSED
tests/test_instance_lock.py::TestBootstrapOwnership::test_first_instance_acquires_and_becomes_primary PASSED
tests/test_instance_lock.py::TestBootstrapOwnership::test_second_instance_handed_off_when_owner_acks PASSED
tests/test_instance_lock.py::TestBootstrapOwnership::test_second_instance_refused_when_owner_silent PASSED
tests/test_instance_lock.py::TestBootstrapOwnership::test_second_instance_refused_when_handover_raises PASSED
tests/test_instance_lock.py::TestBootstrapOwnership::test_ownership_check_failure_is_failed_not_primary PASSED
tests/test_instance_lock.py::TestBootstrapOwnership::test_acquire_error_never_falls_through_to_writer PASSED
tests/test_instance_lock.py::TestBootstrapOwnership::test_frozen_owner_live_pid_is_reclaimed PASSED
tests/test_instance_lock.py::TestBootstrapOwnership::test_dead_owner_pid_stays_unresponsive PASSED
tests/test_instance_lock.py::TestBootstrapOwnership::test_no_owner_pid_file_stays_unresponsive PASSED
tests/test_instance_lock.py::TestBootstrapOwnership::test_owner_pid_file_round_trips PASSED
tests/test_instance_lock.py::TestBootstrapOwnership::test_live_owner_pid_is_reclaimable PASSED
tests/test_instance_lock.py::test_real_mutex_acquire_release PASSED
tests/test_instance_lock.py::test_real_mutex_held_by_other_process_cannot_be_acquired PASSED
tests/test_instance_lock.py::test_real_mutex_freed_after_owner_dies PASSED
tests/test_instance_lock.py::TestReleaseMutexSemantics::test_waiter_acquires_after_explicit_release_while_owner_alive PASSED
tests/test_instance_lock.py::TestReleaseMutexSemantics::test_abandoned_ownership_is_recorded PASSED
tests/test_instance_lock.py::TestNamespaceDecision::test_mutex_name_is_fixed_and_global PASSED
tests/test_instance_lock.py::TestNamespaceDecision::test_two_locks_on_the_fixed_name_contend SKIPPED
tests/test_ipc_grace.py::TestStartupGrace::test_slow_startup_eventually_handoffs PASSED
18:23:32 [WARNING] fastprompter: IPC handover: no server appeared within the startup grace; the owner is starting very slowly or is not serving IPC
tests/test_ipc_grace.py::TestStartupGrace::test_no_server_within_grace_returns_false PASSED
18:23:32 [WARNING] fastprompter: IPC handover: the owner's socket was seen but never ACKed within the startup grace; treating it as unresponsive
tests/test_ipc_grace.py::TestStartupGrace::test_frozen_owner_no_ack_returns_false PASSED
tests/test_ipc_grace.py::TestStartupGrace::test_token_replaced_during_retry_eventually_acks PASSED
18:23:32 [WARNING] fastprompter: IPC handover: the owner's socket was seen but never ACKed within the startup grace; treating it as unresponsive
tests/test_ipc_grace.py::TestStartupGrace::test_grace_is_bounded PASSED
tests/test_ipc_server.py::TestServerName::test_server_name_is_string PASSED
tests/test_ipc_server.py::TestServerName::test_server_name_contains_fastprompter PASSED
tests/test_ipc_server.py::TestServerName::test_server_name_has_version PASSED
tests/test_ipc_server.py::TestTryConnectToServer::test_returns_none_when_no_server PASSED
tests/test_ipc_server.py::TestTryConnectToServer::test_returns_socket_when_connected PASSED
tests/test_ipc_server.py::TestTryConnectToServer::test_attaches_token_when_token_file_exists PASSED
tests/test_ipc_server.py::TestTryConnectToServer::test_no_token_property_when_token_file_absent PASSED
tests/test_ipc_server.py::TestTryConnectToServer::test_retries_on_failure PASSED
tests/test_ipc_server.py::TestIpcServerInit::test_show_window_callback_stored PASSED
tests/test_ipc_server.py::TestIpcServerInit::test_token_is_string PASSED
tests/test_ipc_server.py::TestIpcServerInit::test_token_property PASSED
tests/test_ipc_server.py::TestIpcServerSetup::test_setup_creates_server PASSED
tests/test_ipc_server.py::TestIpcServerSetup::test_setup_connects_signal PASSED
18:23:33 [WARNING] fastprompter: IPC: could not own FastPrompter_Server_V15 (address in use); running without single-instance handover
tests/test_ipc_server.py::TestIpcServerSetup::test_setup_never_kills_the_process_when_it_cannot_listen PASSED
tests/test_ipc_server.py::TestIpcServerHandleCommand::test_bare_show_is_rejected PASSED
tests/test_ipc_server.py::TestIpcServerHandleCommand::test_token_show_command_calls_callback PASSED
tests/test_ipc_server.py::TestIpcServerHandleCommand::test_wrong_token_does_not_call_callback PASSED
tests/test_ipc_server.py::TestIpcServerHandleCommand::test_empty_token_is_rejected PASSED
tests/test_ipc_server.py::TestIpcServerHandleCommand::test_malformed_token_no_pipe_is_rejected PASSED
tests/test_ipc_server.py::TestIpcServerHandleCommand::test_unknown_command_does_not_call_callback PASSED
tests/test_ipc_server.py::TestIpcServerHandleCommand::test_valid_token_with_unknown_command_does_not_call_callback PASSED
tests/test_ipc_server.py::TestIpcServerHandleCommand::test_empty_data_does_not_call_callback PASSED
18:23:48 [ERROR] fastprompter: Failed to handle IPC command
Traceback (most recent call last):
  File "V:\___VAC\__K\__CODE\_PY\_FastPrompter\src\fastprompter\core\ipc_server.py", line 227, in _handle_command
    data_str = buf.decode("utf-8")
               ^^^^^^^^^^^^^^^^^^^
UnicodeDecodeError: 'utf-8' codec can't decode byte 0xff in position 0: invalid start byte
tests/test_ipc_server.py::TestIpcServerHandleCommand::test_garbled_data_does_not_crash PASSED
tests/test_ipc_server.py::TestIpcServerHandleCommand::test_socket_disconnected_after_handle PASSED
tests/test_ipc_server.py::TestIpcServerHandleCommand::test_multiple_commands_sequentially PASSED
tests/test_ipc_server.py::TestIpcServerClose::test_close_stops_listening PASSED
tests/test_ipc_server.py::TestIpcServerClose::test_close_idempotent PASSED
tests/test_ipc_server.py::TestGetToken::test_token_is_unique PASSED
tests/test_launcher_reliability.py::test_launcher_returns_when_pyqt6_available PASSED
tests/test_launcher_reliability.py::test_launcher_raises_when_venv_missing PASSED
tests/test_launcher_reliability.py::test_launcher_calls_execv_when_pyqt6_missing_and_venv_exists PASSED
tests/test_launcher_reliability.py::test_launcher_calls_execv_when_pyqt6_present_but_markdown_missing PASSED
tests/test_lazy_settings_guards.py::test_hotkeys_and_ctrl_c_work_before_settings_are_built PASSED
tests/test_limit_account_order.py::test_no_order_keeps_discovery_order PASSED
tests/test_limit_account_order.py::test_order_is_applied PASSED
tests/test_limit_account_order.py::test_unranked_account_is_appended_not_dropped PASSED
tests/test_limit_account_order.py::test_stale_key_in_order_is_harmless PASSED
tests/test_limit_account_order.py::test_order_reader_dedupes_and_tolerates_junk PASSED
tests/test_limit_account_order.py::test_default_profile_and_codec_register_the_key PASSED
tests/test_limit_account_order.py::test_selector_move_button_reorders_draw_order PASSED
tests/test_limit_alert_copy.py::TestCopyAlertSettings::test_apply_to_all_copies_every_field_exactly PASSED
tests/test_limit_alert_copy.py::TestCopyAlertSettings::test_copying_clears_the_targets_suppression_state PASSED
tests/test_limit_alert_copy.py::TestCopyAlertSettings::test_copying_reevaluates_the_alerts_once PASSED
tests/test_limit_alert_copy.py::TestCopyAlertSettings::test_every_rendered_section_is_offered_as_a_source PASSED
tests/test_limit_alert_copy.py::TestCopyAlertSettings::test_the_hint_names_how_many_sections_were_written PASSED
tests/test_limit_alert_copy.py::TestCopyAlertSettings::test_the_rows_are_rebuilt_so_the_widgets_show_the_copy PASSED
tests/test_limit_alert_copy.py::TestCopyAlertSettings::test_the_source_section_is_not_touched PASSED
tests/test_limit_alert_copy.py::TestCopyControlsWithoutTargets::test_a_single_section_disables_the_copy_controls PASSED
tests/test_limit_alert_copy.py::TestCopyControlsWithoutTargets::test_no_accounts_leaves_the_controls_dead_but_alive PASSED
tests/test_limit_overview.py::TestLimitOverview::test_a_free_plan_single_window_renders_alone PASSED
tests/test_limit_overview.py::TestLimitOverview::test_a_gated_window_says_what_blocks_it PASSED
tests/test_limit_overview.py::TestLimitOverview::test_a_reset_time_is_rendered_as_a_countdown PASSED
tests/test_limit_overview.py::TestLimitOverview::test_a_stale_snapshot_still_draws_its_numbers PASSED
tests/test_limit_overview.py::TestLimitOverview::test_an_unprobed_account_says_so PASSED
tests/test_limit_overview.py::TestLimitOverview::test_an_unreadable_account_states_its_error_instead_of_a_bar PASSED
tests/test_limit_overview.py::TestLimitOverview::test_banked_resets_creates_activate_button PASSED
tests/test_limit_overview.py::TestLimitOverview::test_banked_resets_row_and_header_rendered PASSED
tests/test_limit_overview.py::TestLimitOverview::test_banked_resets_singular_word PASSED
tests/test_limit_overview.py::TestLimitOverview::test_height_is_exact_so_the_panel_never_reflows PASSED
tests/test_limit_overview.py::TestLimitOverview::test_hidden_accounts_are_not_drawn PASSED
tests/test_limit_overview.py::TestLimitOverview::test_no_accounts_is_one_honest_note PASSED
tests/test_limit_overview.py::TestLimitOverview::test_one_row_per_window_grouped_by_account PASSED
tests/test_limit_overview.py::TestLimitOverview::test_painting_a_full_model_does_not_raise PASSED
tests/test_limit_overview.py::TestLimitFillDirection::test_a_gated_window_words_its_zero_both_ways PASSED
tests/test_limit_overview.py::TestLimitFillDirection::test_an_unknown_percentage_stays_unknown_in_both_modes PASSED
tests/test_limit_overview.py::TestLimitFillDirection::test_an_unknown_value_falls_back_to_remaining PASSED
tests/test_limit_overview.py::TestLimitFillDirection::test_remaining_is_the_default PASSED
tests/test_limit_overview.py::TestLimitFillDirection::test_the_caption_wording_follows_the_fill_direction PASSED
tests/test_limit_overview.py::TestLimitFillDirection::test_the_colour_still_follows_what_is_left PASSED
tests/test_limit_overview.py::TestLimitFillDirection::test_the_header_gauge_honours_the_same_setting PASSED
tests/test_limit_overview.py::TestLimitFillDirection::test_the_two_modes_ink_opposite_widths PASSED
tests/test_limit_overview.py::TestLimitSettingsOverviewTab::test_activate_reset_button_shows_when_banked_available PASSED
tests/test_limit_overview.py::TestLimitSettingsOverviewTab::test_limit_settings_dialog_resizability_and_geometry_persistence PASSED
tests/test_limit_overview.py::TestLimitSettingsOverviewTab::test_limit_settings_dialog_tabs_have_no_scrollbars_by_default PASSED
tests/test_limit_overview.py::TestLimitSettingsOverviewTab::test_limits_tab_is_first_and_holds_the_bars PASSED
tests/test_limits.py::test_the_freebuff_wording_reads_as_reached PASSED
tests/test_limits.py::test_a_five_hour_window_with_a_reset_time PASSED
tests/test_limits.py::test_a_reset_time_already_past_today_rolls_to_tomorrow PASSED
tests/test_limits.py::test_a_24_hour_clock_reset PASSED
tests/test_limits.py::test_a_relative_reset PASSED
tests/test_limits.py::test_relative_minutes_only PASSED
tests/test_limits.py::test_out_of_messages_counts PASSED
tests/test_limits.py::test_am_pm_noon_and_midnight_are_not_off_by_twelve PASSED
tests/test_limits.py::test_the_word_limit_alone_is_not_a_limit PASSED
tests/test_limits.py::test_empty_and_none_are_clear PASSED
tests/test_limits.py::test_a_negation_next_to_the_phrase_disqualifies_it PASSED
tests/test_limits.py::test_only_the_tail_of_a_transcript_is_read PASSED
tests/test_limits.py::test_a_limit_at_the_very_end_is_seen PASSED
tests/test_limits.py::test_a_bare_in_is_not_a_duration PASSED
tests/test_limits.py::test_the_assumed_window_is_the_callers_guess_not_the_scanners PASSED
tests/test_limits.py::test_state_carries_what_it_matched_for_the_ui PASSED
tests/test_locked_window_geometry.py::test_locked_geometry_not_stale_after_placement PASSED
tests/test_locked_window_geometry.py::test_unlocked_geometry_not_affected PASSED
tests/test_logging.py::TestSetupLogger::test_returns_logger_instance PASSED
tests/test_logging.py::TestSetupLogger::test_logger_name_is_fastprompter PASSED
tests/test_logging.py::TestSetupLogger::test_logger_level_is_debug PASSED
tests/test_logging.py::TestSetupLogger::test_has_file_handler PASSED
tests/test_logging.py::TestSetupLogger::test_file_handler_writes_to_temp_log PASSED
tests/test_logging.py::TestSetupLogger::test_has_stderr_handler PASSED
tests/test_logging.py::TestSetupLogger::test_stderr_handler_level_is_warning PASSED
tests/test_logging.py::TestSetupLogger::test_idempotent PASSED
tests/test_logging.py::TestSetupLogger::test_file_handler_rotation_config PASSED
tests/test_logging.py::TestSetupLogger::test_formatter_has_timestamp PASSED
tests/test_logging.py::TestLoggerSingleton::test_logger_is_configured PASSED
18:23:50 [WARNING] fastprompter: Test warning message
18:23:50 [ERROR] fastprompter: Test error message
tests/test_logging.py::TestLoggerSingleton::test_logger_can_log PASSED
18:23:50 [WARNING] fastprompter: test_stderr_message_12345
tests/test_logging.py::TestLoggerSingleton::test_logger_writes_to_stderr PASSED
18:23:50 [CRITICAL] fastprompter: Unhandled exception:
Traceback (most recent call last):
  File "V:\___VAC\__K\__CODE\_PY\_FastPrompter\tests\test_logging.py", line 146, in test_does_not_crash
    1 / 0
    ~~^~~
ZeroDivisionError: division by zero

tests/test_logging.py::TestExceptionHook::test_does_not_crash PASSED
18:23:50 [CRITICAL] fastprompter: Unhandled exception:
Traceback (most recent call last):
  File "V:\___VAC\__K\__CODE\_PY\_FastPrompter\tests\test_logging.py", line 163, in test_logs_critical_level
    raise ValueError("test_exception")
ValueError: test_exception

tests/test_logging.py::TestExceptionHook::test_logs_critical_level PASSED
18:23:50 [CRITICAL] fastprompter: Unhandled exception:
Traceback (most recent call last):
  File "V:\___VAC\__K\__CODE\_PY\_FastPrompter\tests\test_logging.py", line 183, in test_writes_to_crash_file
    raise RuntimeError("crash_test_456")
RuntimeError: crash_test_456

tests/test_logging.py::TestExceptionHook::test_writes_to_crash_file PASSED
18:23:50 [CRITICAL] fastprompter: Unhandled exception:
Traceback (most recent call last):
  File "V:\___VAC\__K\__CODE\_PY\_FastPrompter\tests\test_logging.py", line 197, in test_handles_systemexit
    raise SystemExit(0)
SystemExit: 0

tests/test_logging.py::TestExceptionHook::test_handles_systemexit PASSED
18:23:50 [CRITICAL] fastprompter: Unhandled exception:
Traceback (most recent call last):
  File "V:\___VAC\__K\__CODE\_PY\_FastPrompter\tests\test_logging.py", line 206, in test_handles_keyboardinterrupt
    raise KeyboardInterrupt()
KeyboardInterrupt

tests/test_logging.py::TestExceptionHook::test_handles_keyboardinterrupt PASSED
tests/test_logging.py::TestLogFileConstant::test_is_string PASSED
tests/test_logging.py::TestLogFileConstant::test_ends_with_a_fastprompter_log PASSED
tests/test_logging.py::TestLogFileConstant::test_the_app_path_is_not_the_test_path PASSED
tests/test_logging.py::TestLogFileConstant::test_is_absolute_path PASSED
tests/test_main.py::test_project_tab_switch_does_not_push_all_bindings PASSED
tests/test_main.py::test_project_tab_switch_has_no_duplicate_silo_refresh PASSED
tests/test_main.py::test_warm_switch_has_no_whole_document_equality PASSED
tests/test_main.py::test_archive_render_does_not_trim_or_mutate_filesystem PASSED
tests/test_main.py::test_line_count_cache_reuses_text_generation PASSED
tests/test_main.py::test_category_document_cache_obeys_character_budget PASSED
tests/test_main.py::test_new_document_never_inherits_evicted_loaded_token PASSED
tests/test_main.py::test_profile_cache_reset_drops_all_document_derived_state PASSED
tests/test_main.py::test_commit_current_text_reuses_revision_snapshot PASSED
tests/test_main.py::test_hidden_archive_refresh_never_scans_archive_text PASSED
tests/test_main.py::test_fingerprint_cache_separates_equal_revisions_by_document PASSED
tests/test_main.py::test_update_preview_does_not_extract_text_outside_reading_mode PASSED
tests/test_main.py::test_update_preview_accepts_navigation_snapshot PASSED
tests/test_main.py::TestSimpleMarkdownToHtml::test_plain_text PASSED
tests/test_main.py::TestSimpleMarkdownToHtml::test_bold PASSED
tests/test_main.py::TestSimpleMarkdownToHtml::test_italic PASSED
tests/test_main.py::TestSimpleMarkdownToHtml::test_header_h1 PASSED
tests/test_main.py::TestSimpleMarkdownToHtml::test_header_h2 PASSED
tests/test_main.py::TestSimpleMarkdownToHtml::test_header_h3 PASSED
tests/test_main.py::TestSimpleMarkdownToHtml::test_blockquote PASSED
tests/test_main.py::TestSimpleMarkdownToHtml::test_horizontal_rule PASSED
tests/test_main.py::TestSimpleMarkdownToHtml::test_bullet_list PASSED
tests/test_main.py::TestSimpleMarkdownToHtml::test_code_block PASSED
tests/test_main.py::TestSimpleMarkdownToHtml::test_inline_code PASSED
tests/test_main.py::TestSimpleMarkdownToHtml::test_link PASSED
tests/test_main.py::TestSimpleMarkdownToHtml::test_html_escaping PASSED
tests/test_main.py::TestSimpleMarkdownToHtml::test_empty_string PASSED
tests/test_main.py::TestSimpleMarkdownToHtml::test_multiple_lines PASSED
tests/test_main.py::TestSimpleMarkdownToHtml::test_mixed_formatting PASSED
tests/test_main.py::TestSimpleMarkdownToHtml::test_bullet_with_formatting PASSED
tests/test_main.py::TestSimpleMarkdownToHtml::test_consecutive_headers PASSED
tests/test_markdown_highlighter.py::TestInit::test_default_base_size PASSED
tests/test_markdown_highlighter.py::TestInit::test_custom_base_size PASSED
tests/test_markdown_highlighter.py::TestInit::test_skip_highlighting_defaults_false PASSED
tests/test_markdown_highlighter.py::TestInit::test_theme_defaults_none PASSED
tests/test_markdown_highlighter.py::TestInit::test_rules_populated_after_init PASSED
tests/test_markdown_highlighter.py::TestInit::test_each_rule_is_pattern_format_tuple PASSED
tests/test_markdown_highlighter.py::TestUpdateBaseSize::test_updates_base_size PASSED
tests/test_markdown_highlighter.py::TestUpdateBaseSize::test_rebuilds_rules PASSED
tests/test_markdown_highlighter.py::TestUpdateBaseSize::test_rehighlight_clears_format_calls PASSED
tests/test_markdown_highlighter.py::TestUpdateTheme::test_sets_theme PASSED
tests/test_markdown_highlighter.py::TestUpdateTheme::test_rebuilds_rules PASSED
tests/test_markdown_highlighter.py::TestSetSkipLarge::test_skip_true PASSED
tests/test_markdown_highlighter.py::TestSetSkipLarge::test_skip_false PASSED
tests/test_markdown_highlighter.py::TestHighlightBlock::test_bold PASSED
tests/test_markdown_highlighter.py::TestHighlightBlock::test_italic_star PASSED
tests/test_markdown_highlighter.py::TestHighlightBlock::test_italic_underscore PASSED
tests/test_markdown_highlighter.py::TestHighlightBlock::test_underscore_inside_a_word_is_not_italic PASSED
tests/test_markdown_highlighter.py::TestHighlightBlock::test_header_h1 PASSED
tests/test_markdown_highlighter.py::TestHighlightBlock::test_header_h2 PASSED
tests/test_markdown_highlighter.py::TestHighlightBlock::test_header_h3 PASSED
tests/test_markdown_highlighter.py::TestHighlightBlock::test_inline_code PASSED
tests/test_markdown_highlighter.py::TestHighlightBlock::test_blockquote PASSED
tests/test_markdown_highlighter.py::TestHighlightBlock::test_link PASSED
tests/test_markdown_highlighter.py::TestHighlightBlock::test_bare_url_anchored PASSED
tests/test_markdown_highlighter.py::TestHighlightBlock::test_bare_url_not_reanchored_inside_markdown_link PASSED
tests/test_markdown_highlighter.py::TestHighlightBlock::test_horizontal_rule PASSED
tests/test_markdown_highlighter.py::TestHighlightBlock::test_checkbox_unchecked PASSED
tests/test_markdown_highlighter.py::TestHighlightBlock::test_checkbox_checked PASSED
tests/test_markdown_highlighter.py::TestHighlightBlock::test_bullet_list PASSED
tests/test_markdown_highlighter.py::TestHighlightBlock::test_numbered_list PASSED
tests/test_markdown_highlighter.py::TestHighlightBlock::test_no_matches_for_plain_text PASSED
tests/test_markdown_highlighter.py::TestHighlightBlock::test_empty_string PASSED
tests/test_markdown_highlighter.py::TestHighlightBlock::test_skip_highlighting_skips PASSED
tests/test_markdown_highlighter.py::TestHighlightBlock::test_degraded_skips_conceal_markers PASSED
tests/test_markdown_highlighter.py::TestHighlightBlock::test_multiple_matches_same_line PASSED
tests/test_markdown_highlighter_wave.py::test_header_formatted_on_small_doc PASSED
tests/test_markdown_highlighter_wave.py::test_header_formatted_on_large_degraded_doc PASSED
tests/test_markdown_highlighter_wave.py::test_degraded_skips_code_subhighlight_not_headers PASSED
tests/test_markdown_highlighter_wave.py::test_sync_helper_formats_headers_small PASSED
tests/test_markdown_highlighter_wave.py::test_sync_helper_formats_headers_large_degraded PASSED
tests/test_markdown_highlighter_wave.py::test_sync_helper_detaches_in_source_view PASSED
tests/test_markdown_highlighter_wave.py::test_headers_top_middle_and_below_viewport PASSED
tests/test_markdown_highlighter_wave.py::test_live_source_live_cycle_reformats_without_scroll PASSED
tests/test_markdown_highlighter_wave.py::test_small_large_small_silo_swap_keeps_headers PASSED
tests/test_markdown_highlighter_wave.py::test_conceal_toggle_keeps_headers_formatted PASSED
tests/test_markdown_highlighter_wave.py::test_edit_heading_reformats_on_sync PASSED
tests/test_markdown_highlighter_wave.py::test_sync_does_exactly_one_rehighlight PASSED
tests/test_markdown_highlighter_wave.py::test_sync_one_rehighlight_even_with_conceal_on PASSED
tests/test_markdown_highlighter_wave.py::test_sync_huge_document_detaches_without_rehighlight PASSED
tests/test_markdown_highlighter_wave.py::test_huge_mode_keeps_structure_without_rich_rule_pass PASSED
tests/test_missed_attention.py::test_a_fired_one_shot_still_nags PASSED
tests/test_missed_attention.py::test_unknown_ids_are_ignored PASSED
tests/test_missed_attention.py::test_deleted_timers_stop_nagging PASSED
tests/test_missed_attention.py::test_disabled_timers_stop_nagging PASSED
tests/test_missed_attention.py::test_snoozed_timers_stop_nagging PASSED
tests/test_missed_attention.py::test_repeating_timers_never_nag PASSED
tests/test_missed_attention.py::test_future_targets_do_not_nag PASSED
tests/test_mt9141_audit.py::TestCore001Resolver::test_exact_absolute_link_matches_own_record_only PASSED
tests/test_mt9141_audit.py::TestCore001Resolver::test_legacy_basename_fallback_consumes_one PASSED
tests/test_mt9141_audit.py::TestCore001Resolver::test_no_match_leaves_log_untouched PASSED
tests/test_mt9141_audit.py::TestCore001Resolver::test_missing_trash_dir_is_not_recoverable PASSED
tests/test_mt9141_audit.py::TestCore001Resolver::test_restore_new_format_returns_assets_to_slot PASSED
tests/test_mt9141_audit.py::TestJournal::test_two_moves_keep_two_journal_records PASSED
tests/test_mt9141_audit.py::TestJournal::test_write_failure_refuses_move PASSED
tests/test_mt9141_audit.py::TestJournal::test_reconcile_rolls_back_uncommitted_deletion PASSED
tests/test_mt9141_audit.py::TestJournal::test_reconcile_adopts_committed_deletion_until_ack PASSED
tests/test_mt9141_audit.py::TestJournal::test_rollback_purges_durable_claim PASSED
tests/test_mt9141_audit.py::TestJournal::test_legacy_v1_journal_migrates PASSED
tests/test_mt9141_audit.py::TestW2005Consumed::test_consumed_source_not_listed PASSED
tests/test_path_safety.py::test_valid_names_pass_unchanged[note.txt-note.txt] PASSED
tests/test_path_safety.py::test_valid_names_pass_unchanged[\u043f\u0440\u043e\u0441\u0442\u043e \u0437\u0430\u043c\u0435\u0442\u043a\u0430.txt-\u043f\u0440\u043e\u0441\u0442\u043e \u0437\u0430\u043c\u0435\u0442\u043a\u0430.txt] PASSED
tests/test_path_safety.py::test_valid_names_pass_unchanged[my notes.txt-my notes.txt] PASSED
tests/test_path_safety.py::test_valid_names_pass_unchanged[dash-name-dash-name] PASSED
tests/test_path_safety.py::test_valid_names_pass_unchanged[a_b-a_b] PASSED
tests/test_path_safety.py::test_valid_names_pass_unchanged[..evil-..evil] PASSED
tests/test_path_safety.py::test_valid_names_pass_unchanged[a..b-a..b] PASSED
tests/test_path_safety.py::test_valid_names_pass_unchanged[clip 2026-01-01-clip 2026-01-01] PASSED
tests/test_path_safety.py::test_trailing_dots_and_spaces_are_normalized PASSED
tests/test_path_safety.py::test_unsafe_names_are_rejected[] PASSED
tests/test_path_safety.py::test_unsafe_names_are_rejected[.] PASSED
tests/test_path_safety.py::test_unsafe_names_are_rejected[..] PASSED
tests/test_path_safety.py::test_unsafe_names_are_rejected[../x] PASSED
tests/test_path_safety.py::test_unsafe_names_are_rejected[..\\x] PASSED
tests/test_path_safety.py::test_unsafe_names_are_rejected[..\\..\\x] PASSED
tests/test_path_safety.py::test_unsafe_names_are_rejected[a/..\\b] PASSED
tests/test_path_safety.py::test_unsafe_names_are_rejected[a/b] PASSED
tests/test_path_safety.py::test_unsafe_names_are_rejected[a\\b] PASSED
tests/test_path_safety.py::test_unsafe_names_are_rejected[foo:bar] PASSED
tests/test_path_safety.py::test_unsafe_names_are_rejected[C:\\evil.txt] PASSED
tests/test_path_safety.py::test_unsafe_names_are_rejected[c:/evil.txt] PASSED
tests/test_path_safety.py::test_unsafe_names_are_rejected[\\evil] PASSED
tests/test_path_safety.py::test_unsafe_names_are_rejected[/evil] PASSED
tests/test_path_safety.py::test_unsafe_names_are_rejected[\\\\server\\share\\evil] PASSED
tests/test_path_safety.py::test_unsafe_names_are_rejected[\\\\?\\C:\\evil] PASSED
tests/test_path_safety.py::test_unsafe_names_are_rejected[CON] PASSED
tests/test_path_safety.py::test_unsafe_names_are_rejected[con] PASSED
tests/test_path_safety.py::test_unsafe_names_are_rejected[CON.txt] PASSED
tests/test_path_safety.py::test_unsafe_names_are_rejected[NUL] PASSED
tests/test_path_safety.py::test_unsafe_names_are_rejected[prn] PASSED
tests/test_path_safety.py::test_unsafe_names_are_rejected[aux.bin] PASSED
tests/test_path_safety.py::test_unsafe_names_are_rejected[COM1] PASSED
tests/test_path_safety.py::test_unsafe_names_are_rejected[com9] PASSED
tests/test_path_safety.py::test_unsafe_names_are_rejected[LPT3] PASSED
tests/test_path_safety.py::test_unsafe_names_are_rejected[lpt8.txt] PASSED
tests/test_path_safety.py::test_unsafe_names_are_rejected[name\x00x] PASSED
tests/test_path_safety.py::test_unsafe_names_are_rejected[a\tb] PASSED
tests/test_path_safety.py::test_drive_qualified_never_discards_root PASSED
tests/test_path_safety.py::test_safe_join_containment PASSED
tests/test_path_safety.py::test_safe_join_cannot_escape_via_traversal PASSED
tests/test_path_safety.py::test_is_within_uses_canonical_paths PASSED
tests/test_path_safety.py::test_case_insensitive_drive_letter PASSED
tests/test_path_safety.py::test_nested_traversal_in_component PASSED
tests/test_path_safety.py::test_no_file_is_written_outside_root PASSED
tests/test_path_safety.py::test_empty_captured_root_identity_fails_closed PASSED
tests/test_path_safety.py::TestFsComponent::test_valid_names_are_preserved_verbatim[normal] PASSED
tests/test_path_safety.py::TestFsComponent::test_valid_names_are_preserved_verbatim[with spaces] PASSED
tests/test_path_safety.py::TestFsComponent::test_valid_names_are_preserved_verbatim[\u041f\u0440\u043e\u0435\u043a\u0442] PASSED
tests/test_path_safety.py::TestFsComponent::test_valid_names_are_preserved_verbatim[\xdclesanne] PASSED
tests/test_path_safety.py::TestFsComponent::test_valid_names_are_preserved_verbatim[\u65e5\u672c\u8a9e] PASSED
tests/test_path_safety.py::TestFsComponent::test_valid_names_are_preserved_verbatim[emoji \U0001f3af ok] PASSED
tests/test_path_safety.py::TestFsComponent::test_valid_names_are_preserved_verbatim[dots.in.middle] PASSED
tests/test_path_safety.py::TestFsComponent::test_hostile_names_are_encoded_not_aliased[..] PASSED
tests/test_path_safety.py::TestFsComponent::test_hostile_names_are_encoded_not_aliased[../x] PASSED
tests/test_path_safety.py::TestFsComponent::test_hostile_names_are_encoded_not_aliased[..\\x] PASSED
tests/test_path_safety.py::TestFsComponent::test_hostile_names_are_encoded_not_aliased[C:\\evil] PASSED
tests/test_path_safety.py::TestFsComponent::test_hostile_names_are_encoded_not_aliased[c:/evil] PASSED
tests/test_path_safety.py::TestFsComponent::test_hostile_names_are_encoded_not_aliased[\\abs] PASSED
tests/test_path_safety.py::TestFsComponent::test_hostile_names_are_encoded_not_aliased[/abs] PASSED
tests/test_path_safety.py::TestFsComponent::test_hostile_names_are_encoded_not_aliased[\\\\server\\share] PASSED
tests/test_path_safety.py::TestFsComponent::test_hostile_names_are_encoded_not_aliased[A:B] PASSED
tests/test_path_safety.py::TestFsComponent::test_hostile_names_are_encoded_not_aliased[A?B] PASSED
tests/test_path_safety.py::TestFsComponent::test_hostile_names_are_encoded_not_aliased[CON] PASSED
tests/test_path_safety.py::TestFsComponent::test_hostile_names_are_encoded_not_aliased[nul] PASSED
tests/test_path_safety.py::TestFsComponent::test_hostile_names_are_encoded_not_aliased[name\x00ctrl] PASSED
tests/test_path_safety.py::TestFsComponent::test_hostile_names_are_encoded_not_aliased[a/b] PASSED
tests/test_path_safety.py::TestFsComponent::test_trailing_dot_space_is_normalized_not_aliased PASSED
tests/test_path_safety.py::TestFsComponent::test_distinct_logical_names_never_collapse PASSED
tests/test_path_safety.py::TestFsComponent::test_readable_prefix_is_kept PASSED
tests/test_path_safety.py::TestFsComponent::test_long_names_stay_distinct PASSED
tests/test_path_safety.py::TestAllocFsNames::test_case_only_names_are_disambiguated PASSED
tests/test_path_safety.py::TestAllocFsNames::test_deterministic_for_the_same_set PASSED
tests/test_path_safety.py::TestAllocFsNames::test_distinct_names_never_share_a_component PASSED
tests/test_path_safety.py::TestAllocFsNames::test_components_are_safe_and_contained PASSED
tests/test_path_safety.py::TestReparseContainment::test_junction_escape_is_rejected PASSED
tests/test_path_safety.py::TestReparseContainment::test_ordinary_nested_directory_passes PASSED
tests/test_path_safety.py::TestReparseContainment::test_junction_inside_root_passes PASSED
tests/test_path_safety.py::TestReparseContainment::test_root_chosen_through_an_alias PASSED
tests/test_path_safety.py::TestReparseContainment::test_replacing_root_itself_invalidates_captured_identity PASSED
tests/test_paths.py::TestGetBaseDir::test_returns_string PASSED
tests/test_paths.py::TestGetBaseDir::test_returns_absolute_path PASSED
tests/test_paths.py::TestGetBaseDir::test_contains_project_name PASSED
tests/test_paths.py::TestGetBaseDir::test_traverses_up_from_utils PASSED
tests/test_paths.py::TestGetDataDir::test_returns_string PASSED
tests/test_paths.py::TestGetDataDir::test_returns_absolute_path PASSED
tests/test_paths.py::TestGetDataDir::test_ends_with_data_dirname PASSED
tests/test_paths.py::TestGetDataDir::test_creates_directory PASSED
tests/test_paths.py::TestGetDbPath::test_default_profile PASSED
tests/test_paths.py::TestGetDbPath::test_custom_profile PASSED
tests/test_paths.py::TestGetDbPath::test_profile_3 PASSED
tests/test_paths.py::TestGetDbPath::test_data_dir_contains_db PASSED
tests/test_paths.py::TestGetResourcePath::test_single_component PASSED
tests/test_paths.py::TestGetResourcePath::test_existing_resource_prefers_the_package_dir PASSED
tests/test_paths.py::TestGetResourcePath::test_multiple_components PASSED
tests/test_paths.py::TestGetResourcePath::test_sound_dir_resolves_to_existing_files PASSED
tests/test_paths.py::TestGetResourcePath::test_no_components PASSED
tests/test_paths.py::TestExistsWithin::test_answers_a_real_path PASSED
tests/test_paths.py::TestExistsWithin::test_answers_a_missing_path PASSED
tests/test_paths.py::TestExistsWithin::test_a_hanging_probe_is_abandoned_not_awaited PASSED
tests/test_paths.py::TestExistsWithin::test_timeout_is_not_charged_to_ordinary_paths PASSED
tests/test_paths.py::TestExistsWithin::test_isdir_within_answers_a_real_directory PASSED
tests/test_paths.py::TestExistsWithin::test_isdir_within_rejects_a_file PASSED
tests/test_paths.py::TestExistsWithin::test_isdir_within_is_bounded_too PASSED
tests/test_paths.py::TestBoundedProbePool::test_100_calls_cannot_spawn_more_than_max_probes PASSED
tests/test_paths.py::TestBoundedProbePool::test_duplicate_path_does_not_spawn_duplicate_probes PASSED
tests/test_paths.py::TestBoundedProbePool::test_capacity_recovers_when_probes_complete PASSED
tests/test_paths.py::test_t1017_translation_sync_path_isolation PASSED
tests/test_paths.py::test_t1017_inject_translations_path_isolation PASSED
tests/test_paths.py::test_t1017_validate_saitranslate_path_isolation PASSED
tests/test_perf001_noop_save.py::test_productivity_noop_no_dirty PASSED
tests/test_perf001_noop_save.py::test_productivity_real_change_dirties_once PASSED
tests/test_perf001_noop_save.py::test_timers_noop_no_dirty PASSED
tests/test_perf001_noop_save.py::test_timers_real_change_dirties_once PASSED
tests/test_perf002_sound_inventory.py::test_inventory_built_once PASSED
tests/test_perf002_sound_inventory.py::test_inventory_independent_per_dialog PASSED
tests/test_perf003_active_tab_refresh.py::test_refresh_runs_only_active_tab PASSED
tests/test_perf003_active_tab_refresh.py::test_refresh_skips_a_page_without_periodic_work PASSED
tests/test_perf003_active_tab_refresh.py::test_oracle_rejects_a_refresh_that_touches_every_tab PASSED
tests/test_perf003_active_tab_refresh.py::test_refresh_with_select_id_is_full_catch_up PASSED
tests/test_perf003_active_tab_refresh.py::test_on_tab_changed_performs_catch_up PASSED
tests/test_perf004_hidden_date_gate.py::test_hidden_does_no_visual_work PASSED
tests/test_perf004_hidden_date_gate.py::test_visible_does_full_visual_work PASSED
tests/test_perf004_hidden_date_gate.py::test_date_rect_off_retracts_availability_instead_of_hiding PASSED
tests/test_perf004_hidden_date_gate.py::test_scheduler_not_gated PASSED
tests/test_perf004_hidden_date_gate.py::test_show_event_catch_up PASSED
tests/test_perf005_scaled_cache.py::test_bounded_cache_stays_below_cap PASSED
tests/test_perf005_scaled_cache.py::test_bounded_cache_keeps_recent PASSED
tests/test_perf005_scaled_cache.py::test_prune_removes_oldest_files PASSED
tests/test_perf005_scaled_cache.py::test_prune_protects_just_written_file PASSED
tests/test_perf006_folder_cache_bounds.py::test_file_count_cache_bounded PASSED
tests/test_perf006_folder_cache_bounds.py::test_tooltip_cache_bounded PASSED
tests/test_perf006_folder_cache_bounds.py::test_folder_summary_evicts_after_empty_insert PASSED
tests/test_perf006_folder_cache_bounds.py::test_prune_only_runs_when_over_threshold PASSED
tests/test_performance.py::test_save_performance_delta 
[Performance] Full Insert: 0.01546s
[Performance] No-Op Delta: 0.00127s
[Performance] Single Edit Delta: 0.00086s
PASSED
tests/test_performance_tickets.py::test_settings_dirty_does_not_touch_data_domains PASSED
tests/test_performance_tickets.py::test_snapshot_text_size_counts_snippet_text PASSED
tests/test_performance_tickets.py::test_switch_undo_is_compact_not_full_snapshot PASSED
tests/test_performance_tickets.py::test_backup_capture_coalesced_while_active PASSED
18:23:54 [ERROR] fastprompter: portable backup dispatch failed for newest
Traceback (most recent call last):
  File "V:\___VAC\__K\__CODE\_PY\_FastPrompter\src\fastprompter\utils\portable_backup.py", line 247, in backup_finished
    _backup_sink(pending_snapshot)
  File "V:\___VAC\__K\__CODE\_PY\_FastPrompter\tests\test_performance_tickets.py", line 230, in flaky_sink
    raise RuntimeError("sink gone")
RuntimeError: sink gone
tests/test_performance_tickets.py::test_deferred_redispatch_failure_keeps_newest_retryable PASSED
tests/test_performance_tickets.py::test_sync_latest_requested_retired_after_publish PASSED
tests/test_performance_tickets.py::test_sync_latest_requested_kept_for_newer_owner PASSED
tests/test_pie_menu.py::TestInit::test_stores_main_win PASSED
tests/test_pie_menu.py::TestInit::test_sets_popup_flags PASSED
tests/test_pie_menu.py::TestInit::test_sets_translucent_background PASSED
tests/test_pie_menu.py::TestInit::test_sets_delete_on_close PASSED
tests/test_pie_menu.py::TestInit::test_uses_current_cat_from_main_win PASSED
tests/test_pie_menu.py::TestInit::test_falls_back_to_first_category PASSED
tests/test_pie_menu.py::TestInit::test_empty_cats_does_not_crash PASSED
tests/test_pie_menu.py::TestInitUi::test_clears_existing_layout PASSED
tests/test_pie_menu.py::TestInitUi::test_adds_category_buttons PASSED
tests/test_pie_menu.py::TestInitUi::test_adds_snippet_buttons_for_current_cat PASSED
tests/test_pie_menu.py::TestInitUi::test_limits_to_10_snippets PASSED
tests/test_pie_menu.py::TestInitUi::test_empty_cats_returns_early PASSED
tests/test_pie_menu.py::TestInitUi::test_adds_timer_for_adjust_size PASSED
tests/test_pie_menu.py::TestCenterOnCursor::test_moves_to_center_of_cursor PASSED
tests/test_pie_menu.py::TestSwitchCat::test_updates_current_cat PASSED
tests/test_pie_menu.py::TestSwitchCat::test_rebuilds_ui PASSED
tests/test_pie_menu.py::TestKeyPressEvent::test_escape_closes_widget PASSED
tests/test_pie_menu.py::TestKeyPressEvent::test_other_keys_delegate_to_super PASSED
tests/test_pomodoro.py::test_format_clock_reads_as_a_clock PASSED
tests/test_pomodoro.py::test_a_new_timer_is_idle_on_a_full_work_phase PASSED
tests/test_pomodoro.py::test_an_idle_timer_does_not_count_down PASSED
tests/test_pomodoro.py::test_toggle_walks_start_pause_resume PASSED
tests/test_pomodoro.py::test_reset_returns_to_a_stopped_work_phase PASSED
tests/test_pomodoro.py::test_work_hands_off_to_the_break_and_back PASSED
tests/test_pomodoro.py::test_without_breaks_it_stops_after_the_work_phase PASSED
tests/test_pomodoro.py::test_skip_phase_jumps_without_waiting PASSED
tests/test_pomodoro.py::test_time_is_taken_from_the_clock_not_from_tick_counts PASSED
tests/test_pomodoro.py::test_one_long_stall_can_cross_several_phases PASSED
tests/test_pomodoro.py::test_a_stall_leaves_the_remainder_exact PASSED
tests/test_pomodoro.py::test_nonsense_elapsed_values_are_ignored PASSED
tests/test_pomodoro.py::test_the_alarm_stays_pending_until_acknowledged PASSED
tests/test_pomodoro.py::test_starting_acknowledges_a_ringing_alarm PASSED
tests/test_pomodoro.py::test_repeat_alarm_off_never_leaves_one_ringing PASSED
tests/test_pomodoro.py::test_a_phase_can_never_be_zero_length PASSED
tests/test_pomodoro.py::test_editing_durations_while_running_keeps_the_time_served PASSED
tests/test_pomodoro.py::test_editing_durations_while_idle_snaps_to_the_new_length PASSED
tests/test_pomodoro.py::test_shortening_below_the_remainder_clamps_it PASSED
tests/test_pomodoro.py::test_progress_runs_from_zero_to_one PASSED
tests/test_pomodoro.py::test_describe_says_what_is_happening PASSED
tests/test_pomodoro.py::test_settings_survive_a_round_trip_but_the_run_state_does_not PASSED
tests/test_pomodoro.py::test_corrupt_saved_state_does_not_take_the_timer_down PASSED
tests/test_pomodoro.py::test_module_exposes_its_defaults PASSED
tests/test_pomodoro.py::test_productivity_sound_settings_and_persistence PASSED
tests/test_portable_backup.py::TestCompletionSemantics::test_successful_snapshot_is_complete PASSED
tests/test_portable_backup.py::TestCompletionSemantics::test_no_partial_dir_left_after_success PASSED
tests/test_portable_backup.py::TestCompletionSemantics::test_failed_silo_write_has_no_complete_marker PASSED
tests/test_portable_backup.py::TestCompletionSemantics::test_failed_manifest_write_has_no_complete_marker PASSED
tests/test_portable_backup.py::TestCompletionSemantics::test_failed_snapshot_keeps_previous_good_one PASSED
18:23:54 [ERROR] fastprompter: portable backup FAILED; the previous good snapshot is kept and the next save may retry
Traceback (most recent call last):
  File "V:\___VAC\__K\__CODE\_PY\_FastPrompter\src\fastprompter\utils\portable_backup.py", line 195, in run_portable_backup
    _do_export(snapshot, profile_id=pid)
  File "V:\___VAC\__K\__CODE\_PY\_FastPrompter\src\fastprompter\utils\portable_backup.py", line 357, in _do_export
    _write_md(os.path.join(out_dir, fname), text,
  File "V:\___VAC\__K\__CODE\_PY\_FastPrompter\src\fastprompter\utils\portable_backup.py", line 618, in _write_md
    _write_raw(path, content)
  File "V:\___VAC\__K\__CODE\_PY\_FastPrompter\tests\test_portable_backup.py", line 136, in _boom
    raise OSError("first try fails")
OSError: first try fails
tests/test_portable_backup.py::TestCompletionSemantics::test_failed_export_does_not_throttle_retry PASSED
tests/test_portable_backup.py::TestCollisionResistantIdentity::test_hostile_and_case_names_export_to_distinct_dirs PASSED
tests/test_portable_backup.py::TestCollisionResistantIdentity::test_unicode_projects_stay_inside_and_distinct PASSED
18:23:54 [WARNING] fastprompter: portable backup publish: the previous generation was restored but the new snapshot could not be published; the complete new generation is preserved at V:\_TEMP_\fastprompter-tests-17556-293rc_cr\pytest-of-vac34\pytest-0\test_new_publish_failure_resto0\portable\2026-09-05.failed-f5a4cd80
tests/test_portable_backup.py::TestPublicationRollback::test_new_publish_failure_restores_previous_generation PASSED
tests/test_portable_backup.py::TestPublicationRollback::test_first_publish_with_no_previous_day PASSED
tests/test_portable_backup.py::TestPublicationRollback::test_successful_republication_leaves_no_rollback PASSED
tests/test_portable_backup.py::TestPublicationRollback::test_failed_old_relocation_keeps_previous_and_drops_new PASSED
tests/test_portable_backup.py::TestAsyncDispatch::test_snapshot_is_a_deep_copy PASSED
tests/test_portable_backup.py::TestAsyncDispatch::test_sink_receives_immutable_snapshot PASSED
tests/test_portable_backup.py::TestAsyncDispatch::test_without_sink_runs_synchronously PASSED
tests/test_portable_backup.py::TestAsyncDispatch::test_mark_success_advances_throttle PASSED
tests/test_portable_backup.py::test_coalescing_preserves_content_gen PASSED
18:23:54 [ERROR] fastprompter: portable backup publish: could not restore the old generation (V:\_TEMP_\fastprompter-tests-17556-293rc_cr\pytest-of-vac34\pytest-0\test_publish_double_failure_pr0\backup\2026-01-01.rollback-fb3b9c02) and could not preserve the new one at V:\_TEMP_\fastprompter-tests-17556-293rc_cr\pytest-of-vac34\pytest-0\test_publish_double_failure_pr0\backup\2026-01-01.failed-735fc2ec ([Errno 13] Permission denied: 'V:\\_TEMP_\\fastprompter-tests-17556-293rc_cr\\pytest-of-vac34\\pytest-0\\test_publish_double_failure_pr0\\backup\\2026-01-01.failed-735fc2ec'). Leaving the COMPLETE new generation at V:\_TEMP_\fastprompter-tests-17556-293rc_cr\pytest-of-vac34\pytest-0\test_publish_double_failure_pr0\backup\2026-01-01.partial for manual recovery; the old generation is recoverable from V:\_TEMP_\fastprompter-tests-17556-293rc_cr\pytest-of-vac34\pytest-0\test_publish_double_failure_pr0\backup\2026-01-01.rollback-fb3b9c02.
tests/test_portable_backup_publish.py::test_publish_double_failure_preserves_both_generations PASSED
tests/test_portable_backup_publish.py::test_publish_single_failure_keeps_old_and_drops_new PASSED
18:23:54 [WARNING] fastprompter: portable backup publish: the previous generation was restored but the new snapshot could not be published; the complete new generation is preserved at V:\_TEMP_\fastprompter-tests-17556-293rc_cr\pytest-of-vac34\pytest-0\test_publish_restore_success_p0\backup\2026-01-01.failed-e6c1d5b3
tests/test_portable_backup_publish.py::test_publish_restore_success_preserves_complete_new_generation PASSED
tests/test_portable_backup_publish.py::test_publish_success_swaps_and_discards_old PASSED
18:23:54 [ERROR] fastprompter: database save failed; the change stays dirty and will be retried
Traceback (most recent call last):
  File "V:\___VAC\__K\__CODE\_PY\_FastPrompter\src\fastprompter\core\state.py", line 2951, in _save_data_to_db_locked
    with self.conn:
sqlite3.ProgrammingError: Cannot operate on a closed database.
tests/test_profile_switch_atomic.py::test_switch_refuses_when_a_save_fails PASSED
18:23:54 [ERROR] fastprompter: database load failed; refusing to run on a database that could not be read
Traceback (most recent call last):
  File "V:\___VAC\__K\__CODE\_PY\_FastPrompter\src\fastprompter\core\state.py", line 2425, in init_db
    self.conn = sqlite3.connect(self.db_path,
                ^^^^^^^^^^^^^^^^^^^^^^^^^^^^^
sqlite3.OperationalError: unable to open database file
tests/test_profile_switch_atomic.py::test_switch_restores_a_when_b_load_fails PASSED
tests/test_profile_switch_atomic.py::test_switch_commit_only_after_b_loads PASSED
tests/test_project_sync.py::test_include_extension_list_parsing PASSED
tests/test_project_sync.py::test_exclude_matches_path_components PASSED
tests/test_project_sync.py::test_exclude_wildcards_match_basenames PASSED
tests/test_project_sync.py::test_is_text_file PASSED
tests/test_project_sync.py::test_resolve_relative_path_rejects_escape_and_accepts_nested PASSED
tests/test_project_sync.py::test_resolve_relative_path_preserves_whitespace_filenames PASSED
tests/test_project_sync.py::test_resolve_relative_path_rejects_symlink_escape PASSED
tests/test_project_sync.py::test_scan_folder_recursive PASSED
tests/test_project_sync.py::test_scan_folder_excludes_directories PASSED
tests/test_project_sync.py::test_scan_folder_flat_mode PASSED
tests/test_project_sync.py::test_scan_folder_skips_huge_files PASSED
tests/test_project_sync.py::test_read_text_file_normalises_eol PASSED
tests/test_project_sync.py::test_read_text_file_removes_utf8_bom PASSED
tests/test_project_sync.py::test_read_text_file_binary_and_huge_are_skipped PASSED
tests/test_project_sync.py::test_read_text_file_non_utf8_fails_closed_and_preserves_bytes PASSED
tests/test_project_sync.py::test_write_text_file_applies_eol_and_roundtrips PASSED
tests/test_project_sync.py::test_write_text_file_preserves_utf8_bom PASSED
tests/test_project_sync.py::test_write_text_file_adds_no_bom_by_default PASSED
tests/test_project_sync.py::test_write_text_file_leaves_no_temp_file PASSED
tests/test_project_sync.py::test_write_text_file_fails_cleanly_on_bad_dir PASSED
tests/test_project_sync.py::test_detect_eol_majority PASSED
tests/test_project_sync.py::test_free_slots_starts_at_end_and_honours_cap PASSED
tests/test_project_sync.py::test_free_slots_skips_claimed_gaps PASSED
tests/test_project_sync.py::test_read_text_file_bounded_reading PASSED
tests/test_project_sync.py::test_special_basename_include PASSED
tests/test_project_sync.py::test_is_sync_eligible_is_stable_under_transient_state PASSED
tests/test_project_sync.py::test_scan_folder_exclude_paths_skips_already_mapped PASSED
tests/test_project_sync.py::test_scan_folder_cancellation_returns_empty PASSED
tests/test_project_sync.py::test_scan_folder_uses_is_sync_eligible_for_recursive_filter PASSED
tests/test_project_sync.py::test_scan_folder_exclude_paths_normalizes_separators PASSED
tests/test_release_safety.py::test_no_assert_statements_in_production_code PASSED
tests/test_release_version.py::test_canonical_version_is_well_formed PASSED
tests/test_release_version.py::test_version_agrees_everywhere PASSED
tests/test_release_version.py::test_sync_tool_reports_already_synced PASSED
tests/test_release_version.py::test_release_tool_aborts_on_provenance_mismatch PASSED
tests/test_release_version.py::test_release_tool_proceeds_on_provenance_match PASSED
tests/test_restore.py::TestValidateDatabase::test_garbage_file_is_rejected PASSED
tests/test_restore.py::TestValidateDatabase::test_truncated_database_is_rejected PASSED
tests/test_restore.py::TestValidateDatabase::test_future_schema_is_rejected PASSED
tests/test_restore.py::TestValidateDatabase::test_missing_tables_rejected PASSED
tests/test_restore.py::TestValidateDatabase::test_valid_database_returns_version PASSED
tests/test_restore.py::TestValidateDatabase::test_legacy_v0_database_is_accepted PASSED
tests/test_restore.py::TestSchemaInvariants::test_legacy_v0_missing_silo_columns_rejected PASSED
tests/test_restore.py::TestSchemaInvariants::test_legacy_v0_missing_archive_columns_rejected_if_present PASSED
tests/test_restore.py::TestSchemaInvariants::test_v1_missing_settings_pk_rejected PASSED
tests/test_restore.py::TestSchemaInvariants::test_v1_missing_presets_pk_rejected PASSED
tests/test_restore.py::TestSchemaInvariants::test_canonical_v1_accepted_after_strengthening PASSED
tests/test_restore.py::TestSchemaInvariants::test_repeated_settings_write_leaves_one_row PASSED
tests/test_restore.py::TestSameFile::test_same_path_rejected PASSED
tests/test_restore.py::TestSameFile::test_alternate_path_rejected PASSED
tests/test_restore.py::TestRestoreDatabase::test_failed_restore_leaves_live_db_untouched PASSED
tests/test_restore.py::TestRestoreDatabase::test_missing_source_rejected_without_touching_live PASSED
tests/test_restore.py::TestRestoreDatabase::test_future_schema_source_refused_and_live_untouched PASSED
tests/test_restore.py::TestRestoreDatabase::test_successful_restore_replaces_and_round_trips PASSED
tests/test_restore.py::TestRestoreDatabase::test_restored_db_loads_via_state PASSED
tests/test_restore.py::TestRestoreDatabase::test_backup_api_failure_does_not_touch_live PASSED
tests/test_restore.py::TestRestoreSidecarRollback::test_ordinary_swap_failure_restores_all_sidecars PASSED
tests/test_restore.py::TestRestoreSidecarRollback::test_fatal_swap_and_rollback_failure_recovers PASSED
tests/test_restore.py::TestRestoreSidecarRollback::test_early_quarantine_failure_with_rollback_failure_is_fatal PASSED
tests/test_restore.py::TestRestoreSidecarRollback::test_early_quarantine_failure_rollback_ok_is_ordinary PASSED
tests/test_restore.py::TestRestoreSidecarRollback::test_unrepaired_fatal_reports_false_and_preserves_safety PASSED
tests/test_resync_keys.py::test_resync_registry_keys_are_canonical_used_keys PASSED
tests/test_resync_keys.py::test_resync_nine_specific_keys_are_canonical PASSED
tests/test_resync_keys.py::test_resync_has_no_stale_sound_or_legacy_keys PASSED
tests/test_resync_keys.py::test_sound_enabled_alias_removed_from_defaults PASSED
tests/test_save_contract.py::test_save_returns_true_on_clean_commit PASSED
tests/test_save_contract.py::test_save_returns_true_when_nothing_changed PASSED
tests/test_save_contract.py::test_save_returns_false_when_connection_missing PASSED
18:23:57 [ERROR] fastprompter: database save failed; the change stays dirty and will be retried
Traceback (most recent call last):
  File "V:\___VAC\__K\__CODE\_PY\_FastPrompter\src\fastprompter\core\state.py", line 2954, in _save_data_to_db_locked
    cur.executemany('INSERT OR REPLACE INTO settings (key, value) VALUES (?,?)', settings_to_save)
sqlite3.OperationalError: no such table: settings
tests/test_save_contract.py::test_save_returns_false_when_commit_fails PASSED
tests/test_save_contract.py::test_failed_save_never_triggers_portable_backup PASSED
tests/test_save_contract.py::test_successful_save_triggers_portable_backup PASSED
tests/test_scaling_mixin.py::TestButtonBaseHeights::test_all_essential_buttons_present PASSED
tests/test_scaling_mixin.py::TestButtonBaseHeights::test_all_heights_are_positive PASSED
tests/test_scaling_mixin.py::TestButtonBaseHeights::test_all_heights_are_integers PASSED
tests/test_scaling_mixin.py::TestButtonBaseHeights::test_has_enough_buttons PASSED
tests/test_scaling_mixin.py::TestButtonBaseHeights::test_common_buttons_have_reasonable_heights PASSED
tests/test_scaling_mixin.py::TestButtonBaseHeights::test_smaller_buttons_have_lower_heights PASSED
tests/test_scaling_mixin.py::TestWidthScaleNames::test_all_format_buttons_present PASSED
tests/test_scaling_mixin.py::TestWidthScaleNames::test_all_search_buttons_present PASSED
tests/test_scaling_mixin.py::TestWidthScaleNames::test_total_count PASSED
tests/test_scaling_mixin.py::TestWidthScaleNames::test_no_duplicates PASSED
tests/test_scaling_mixin.py::TestCycleButtonScale::test_cycles_to_next_scale PASSED
tests/test_scaling_mixin.py::TestCycleButtonScale::test_cycles_wraps_around PASSED
tests/test_scaling_mixin.py::TestCycleButtonScale::test_unknown_scale_defaults_to_1_0 PASSED
tests/test_scaling_mixin.py::TestCycleButtonScale::test_persistence_called PASSED
tests/test_scaling_mixin.py::TestCycleButtonScale::test_button_text_updated PASSED
tests/test_scaling_mixin.py::TestCycleButtonScale::test_cycles_from_0_75 PASSED
tests/test_scaling_mixin.py::TestApplyButtonSize::test_base_size_stored PASSED
tests/test_scaling_mixin.py::TestApplyButtonSize::test_scale_applied_to_width_height PASSED
tests/test_scaling_mixin.py::TestApplyButtonSize::test_scale_minimum_clamp PASSED
tests/test_scaling_mixin.py::TestApplyButtonSize::test_squishable_uses_max_height PASSED
tests/test_scaling_mixin.py::TestApplyButtonSize::test_missing_button_scale_falls_back_to_1 PASSED
tests/test_scaling_mixin.py::TestAdjustFontSize::test_increases_size PASSED
tests/test_scaling_mixin.py::TestAdjustFontSize::test_decreases_size PASSED
tests/test_scaling_mixin.py::TestAdjustFontSize::test_clamps_at_minimum PASSED
tests/test_scaling_mixin.py::TestAdjustFontSize::test_clamps_at_maximum PASSED
tests/test_scaling_mixin.py::TestAdjustFontSize::test_no_change_when_same PASSED
tests/test_scaling_mixin.py::TestAdjustUiScale::test_increases PASSED
tests/test_scaling_mixin.py::TestAdjustUiScale::test_decreases PASSED
tests/test_scaling_mixin.py::TestAdjustUiScale::test_clamps_minimum PASSED
tests/test_scaling_mixin.py::TestAdjustUiScale::test_clamps_maximum PASSED
tests/test_scaling_mixin.py::TestAdjustUiScale::test_near_boundary PASSED
tests/test_scaling_mixin.py::TestAdjustUiScale::test_missing_ui_scale_defaults_to_1 PASSED
tests/test_scaling_mixin.py::TestApplyScaledUi::test_all_base_heights_have_corresponding_method PASSED
tests/test_scaling_mixin.py::TestApplyScaledUi::test_width_scale_buttons_handled_gracefully PASSED
tests/test_scaling_mixin.py::TestRefreshButtonScale::test_no_children_does_not_crash PASSED
tests/test_scaling_mixin.py::TestRefreshButtonScale::test_children_without_base_size_skipped PASSED
tests/test_scaling_mixin.py::TestIconButtonTagging::test_glyph_button_is_tagged PASSED
tests/test_scaling_mixin.py::TestIconButtonTagging::test_word_button_is_not_tagged PASSED
tests/test_search_archive_editing.py::TestSearchFilterLogic::test_snippet_filter_by_name PASSED
tests/test_search_archive_editing.py::TestSearchFilterLogic::test_snippet_filter_uppercase_query PASSED
tests/test_search_archive_editing.py::TestSearchFilterLogic::test_snippet_filter_by_text PASSED
tests/test_search_archive_editing.py::TestSearchFilterLogic::test_snippet_filter_empty_query_shows_all PASSED
tests/test_search_archive_editing.py::TestSearchFilterLogic::test_snippet_filter_no_match_returns_empty PASSED
tests/test_search_archive_editing.py::TestSearchFilterLogic::test_silo_filter_by_content PASSED
tests/test_search_archive_editing.py::TestSearchFilterLogic::test_silo_filter_empty_query PASSED
tests/test_search_archive_editing.py::TestSearchFilterLogic::test_silo_filter_partial_match PASSED
tests/test_search_archive_editing.py::TestSearchFilterLogic::test_silo_filter_multiple_matches PASSED
tests/test_search_archive_editing.py::TestSearchFilterLogic::test_archive_filter_same_as_silo PASSED
tests/test_search_archive_editing.py::TestArchivePersistence::test_archive_save_and_reload PASSED
tests/test_search_archive_editing.py::TestArchivePersistence::test_archive_save_empty_strings_filtered PASSED
tests/test_search_archive_editing.py::TestArchivePersistence::test_archive_multi_category PASSED
tests/test_search_archive_editing.py::TestArchivePersistence::test_archive_delta_sync PASSED
tests/test_search_archive_editing.py::TestArchivePersistence::test_archive_current_tab_proxy PASSED
tests/test_search_archive_editing.py::TestArchivePersistence::test_archive_trim_removes_empty PASSED
tests/test_search_archive_editing.py::TestArchivePersistence::test_archive_preserves_real_indices PASSED
tests/test_search_archive_editing.py::TestTextEditingSaveLogic::test_last_text_saved PASSED
tests/test_search_archive_editing.py::TestTextEditingSaveLogic::test_temp_preset_updated_via_save PASSED
tests/test_search_archive_editing.py::TestTextEditingSaveLogic::test_multiple_silos_independent PASSED
tests/test_search_archive_editing.py::TestTextEditingSaveLogic::test_save_clears_silo PASSED
tests/test_search_archive_editing.py::TestTextEditingSaveLogic::test_dirty_flag_resets_after_save PASSED
tests/test_search_archive_editing.py::TestTextEditingSaveLogic::test_save_with_ui_settings PASSED
tests/test_search_archive_editing.py::TestIntegration::test_archive_then_reload_with_search PASSED
tests/test_search_archive_editing.py::TestIntegration::test_silo_search_after_reload PASSED
tests/test_search_archive_editing.py::TestIntegration::test_save_preserves_search_visibility PASSED
tests/test_search_archive_editing.py::TestIntegration::test_archive_empty_strings_not_in_snapshot PASSED
tests/test_search_archive_editing.py::TestIntegration::test_multi_tab_archive_independence PASSED
tests/test_search_mixin.py::TestShowFind::test_shows_frame PASSED
tests/test_search_mixin.py::TestShowFind::test_hides_replace_widgets PASSED
tests/test_search_mixin.py::TestShowFind::test_focuses_search_input PASSED
tests/test_search_mixin.py::TestShowReplace::test_shows_frame PASSED
tests/test_search_mixin.py::TestShowReplace::test_shows_replace_widgets PASSED
tests/test_search_mixin.py::TestCloseSearch::test_hides_frame PASSED
tests/test_search_mixin.py::TestCloseSearch::test_focuses_text_area PASSED
tests/test_search_mixin.py::TestFindText::test_empty_query_does_nothing PASSED
tests/test_search_mixin.py::TestFindText::test_wrap_around PASSED
tests/test_search_mixin.py::TestFindText::test_wrap_around_no_match PASSED
tests/test_search_mixin.py::TestFindText::test_find_backward PASSED
tests/test_search_mixin.py::TestFindText::test_find_forward PASSED
tests/test_search_mixin.py::TestReplaceText::test_replaces_selection_and_finds_next PASSED
tests/test_search_mixin.py::TestReplaceText::test_no_selection_does_not_replace PASSED
tests/test_search_mixin.py::TestReplaceAll::test_empty_query_does_nothing PASSED
tests/test_search_mixin.py::TestReplaceAll::test_shows_count_message PASSED
tests/test_search_mixin.py::TestReplaceAll::test_zero_replaces_shows_zero PASSED
tests/test_search_mixin.py::TestOnSearchToggle::test_checked_shows_bar PASSED
tests/test_search_mixin.py::TestOnSearchToggle::test_unchecked_hides_bar PASSED
tests/test_search_mixin.py::TestOnSearchToggle::test_unchecked_clears_bar PASSED
tests/test_second_wave.py::test_backup_atomically_preserves_existing_destination_on_failure PASSED
tests/test_second_wave.py::test_backup_atomically_publishes_nothing_on_fresh_destination_failure PASSED
tests/test_second_wave.py::test_portable_export_keeps_orphan_categories_distinct PASSED
tests/test_second_wave.py::test_structured_list_member_normalization PASSED
tests/test_second_wave.py::test_fancy_zone_ui_state_and_geometry_healing PASSED
tests/test_second_wave.py::test_validator_no_false_dead_keys_and_honest_coverage PASSED
tests/test_second_wave.py::test_sync_fast_has_no_hardcoded_path_and_honest_coverage PASSED
18:23:58 [WARNING] fastprompter.core.i18n._container: Language RU: 68 unknown key(s). First few: ['\U0001f53c Tray Click Activates\nWhen on, clicking the tray icon always brings the window to focus. When off, it toggles hide/show like the hotkey.', 'Top bar button visibility', 'Width ranges', 'Narrow starts', 'Medium starts']
18:23:58 [WARNING] fastprompter.core.i18n._container: Language EST: 1 unknown key(s). First few: ['\U0001f53c Tray Click Activates\nWhen on, clicking the tray icon always brings the window to focus. When off, it toggles hide/show like the hotkey.']
18:23:58 [WARNING] fastprompter.core.i18n._container: Language JA: 1 unknown key(s). First few: ['\U0001f53c Tray Click Activates\nWhen on, clicking the tray icon always brings the window to focus. When off, it toggles hide/show like the hotkey.']
tests/test_second_wave.py::test_silogapbar_i18n_keys_registered_and_translated PASSED
tests/test_second_wave.py::test_malformed_cats_order_and_hidden_recover_from_db PASSED
tests/test_second_wave.py::test_unique_temp_path_distinct_and_same_directory PASSED
tests/test_second_wave.py::test_unique_temp_path_never_collides_with_existing_sibling PASSED
tests/test_second_wave.py::test_backup_atomically_preserves_predictable_named_sibling PASSED
tests/test_second_wave.py::test_write_text_file_preserves_fp_sync_tmp_sibling PASSED
tests/test_second_wave.py::test_portable_write_raw_preserves_tmp_sibling PASSED
tests/test_second_wave_core003.py::test_backup_begin_refused_while_draining PASSED
tests/test_second_wave_core003.py::test_drain_blocks_new_and_clears_after_worker PASSED
tests/test_second_wave_core003.py::test_two_workers_same_destination_drain_waits_both PASSED
tests/test_second_wave_core003.py::test_periodic_worker_publishes_bak PASSED
tests/test_second_wave_tickets.py::test_orphan_snippet_category_is_exported PASSED
tests/test_second_wave_tickets.py::test_manifest_counts_orphan_snippets PASSED
18:23:58 [ERROR] fastprompter: portable backup publish: the previous generation was restored but the new one could not be preserved at V:\_TEMP_\fastprompter-tests-17556-293rc_cr\pytest-of-vac34\pytest-0\test_complete_partial_is_prese0\portable\2026-09-05.failed-a4a19f09 (simulated double failure); leaving it at V:\_TEMP_\fastprompter-tests-17556-293rc_cr\pytest-of-vac34\pytest-0\test_complete_partial_is_prese0\portable\2026-09-05.partial for manual recovery
tests/test_second_wave_tickets.py::test_complete_partial_is_preserved_not_deleted PASSED
tests/test_second_wave_tickets.py::test_incomplete_partial_is_cleanable PASSED
18:23:58 [ERROR] fastprompter: categories['Code'][100] outside 0..99; refusing save
tests/test_second_wave_tickets.py::test_state_saver_never_writes_snippet_slot_100 PASSED
18:23:58 [WARNING] fastprompter: recovering 1 out-of-range snippet row(s) into empty slots: Code@0
tests/test_second_wave_tickets.py::test_loader_migrates_overflow_snippet_to_empty_slot PASSED
18:23:58 [ERROR] fastprompter: database load failed; refusing to run on a database that could not be read
Traceback (most recent call last):
  File "V:\___VAC\__K\__CODE\_PY\_FastPrompter\src\fastprompter\core\state.py", line 2444, in init_db
    _assert_loader_rows(self.conn, exc=DatabaseOverflowError)
  File "V:\___VAC\__K\__CODE\_PY\_FastPrompter\src\fastprompter\core\state.py", line 1732, in _assert_loader_rows
    raise exc(
fastprompter.core.state.DatabaseOverflowError: presets carries slot index >= 100 or <0 and the category is full (0..99) � placement would require merging two distinct snippets, so the database cannot load. Offending rows: Code@100
tests/test_second_wave_tickets.py::test_loader_refuses_when_category_full PASSED
tests/test_second_wave_tickets.py::test_copy_atomic_aborts_when_publish_guard_rejects PASSED
tests/test_second_wave_tickets.py::test_copy_atomic_publishes_when_guard_accepts PASSED
tests/test_set_default_from_current.py::test_extract_defaults_excludes_all_denylist_keys PASSED
tests/test_set_default_from_current.py::test_format_default_profile_py_produces_valid_ast PASSED
tests/test_set_default_from_current.py::test_update_default_profile_dry_run_does_not_modify_file PASSED
tests/test_settings_ux.py::TestScrollSound::test_debounce_coalesces_fast_scroll PASSED
tests/test_settings_ux.py::TestScrollSound::test_scroll_event_is_registered PASSED
tests/test_settings_ux.py::TestScrollSound::test_wheel_inside_dialog_queues_sound PASSED
tests/test_settings_ux.py::TestScrollSound::test_wheel_outside_dialog_is_silent PASSED
tests/test_settings_ux.py::TestLimitGaugesClick::test_ctrl_click_cycles_style PASSED
tests/test_settings_ux.py::TestLimitGaugesClick::test_double_click_refreshes PASSED
tests/test_settings_ux.py::TestLimitGaugesClick::test_single_click_opens_settings PASSED
tests/test_settings_ux.py::TestLimitGaugesClick::test_tooltip_mentions_settings PASSED
tests/test_settings_ux.py::TestSettingsGearEasterEgg::test_gear_button_toggles_settings_without_rotation PASSED
tests/test_settings_ux.py::TestSettingsExitButton::test_settings_exit_buttons_trigger_quit PASSED
tests/test_silo_export.py::test_a_header_becomes_the_name PASSED
tests/test_silo_export.py::test_prose_gives_the_first_three_words PASSED
tests/test_silo_export.py::test_bullets_and_checkboxes_are_not_part_of_the_name PASSED
tests/test_silo_export.py::test_illegal_characters_never_reach_the_filename PASSED
tests/test_silo_export.py::test_an_empty_silo_still_gets_a_name PASSED
tests/test_silo_export.py::test_the_written_file_holds_the_exact_text PASSED
tests/test_silo_export.py::test_two_drags_in_one_minute_do_not_overwrite PASSED
tests/test_silo_home.py::test_silo_home_opens_at_top PASSED
tests/test_silo_kanban.py::test_parses_columns_and_cards PASSED
tests/test_silo_kanban.py::test_a_continuation_line_belongs_to_its_card PASSED
tests/test_silo_kanban.py::test_card_at_finds_the_card_from_a_continuation PASSED
tests/test_silo_kanban.py::test_move_right_carries_the_whole_card PASSED
tests/test_silo_kanban.py::test_move_left_and_back_is_the_identity PASSED
tests/test_silo_kanban.py::test_move_off_the_board_refuses PASSED
tests/test_silo_kanban.py::test_move_within_a_column PASSED
tests/test_silo_kanban.py::test_toggle_card PASSED
tests/test_silo_kanban.py::test_toggle_adds_a_box_to_a_plain_bullet PASSED
tests/test_silo_kanban.py::test_add_card_lands_at_the_end_of_its_column PASSED
tests/test_silo_kanban.py::test_new_board_is_empty_but_parseable PASSED
tests/test_silo_presets.py::test_the_shipped_set_is_there PASSED
tests/test_silo_presets.py::test_bullet_list_really_has_ten_items PASSED
tests/test_silo_presets.py::test_a_dropped_in_file_appears_without_a_code_change PASSED
tests/test_silo_presets.py::test_label_strips_the_ordering_prefix PASSED
tests/test_silo_presets.py::test_a_missing_folder_is_empty_not_an_exception PASSED
tests/test_silo_selection_persist.py::TestSelectionIsAliasedAtStartup::test_the_flat_key_is_bound_to_the_per_category_store PASSED
tests/test_silo_selection_persist.py::TestSelectionIsAliasedAtStartup::test_a_latch_lands_in_the_store_immediately PASSED
tests/test_silo_selection_persist.py::TestSelectionIsAliasedAtStartup::test_the_same_ctrl_click_releases_only_that_silo PASSED
tests/test_silo_selection_persist.py::TestSelectionIsAliasedAtStartup::test_a_corrupt_stored_value_never_crashes_the_read PASSED
tests/test_silo_selection_persist.py::TestSelectionSurvivesNavigation::test_each_project_keeps_its_own_latched_silos PASSED
tests/test_silo_selection_persist.py::TestSelectionSurvivesNavigation::test_switching_the_open_silo_keeps_the_latch PASSED
tests/test_silo_selection_persist.py::TestSelectionSurvivesNavigation::test_a_reorder_moves_the_latch_with_its_silo PASSED
tests/test_silo_selection_persist.py::TestSelectionSurvivesRestart::test_a_latched_selection_reloads_from_the_database PASSED
tests/test_silo_selection_persist.py::TestUnselectMenuActions::test_unselect_and_unselect_all_appear_on_a_selected_silo PASSED
tests/test_silo_selection_persist.py::TestUnselectMenuActions::test_only_unselect_all_appears_on_an_unselected_silo PASSED
tests/test_silo_selection_persist.py::TestUnselectMenuActions::test_neither_appears_without_a_selection PASSED
tests/test_silo_selection_persist.py::TestUnselectMenuActions::test_unselect_releases_one_and_persists PASSED
tests/test_silo_selection_persist.py::TestUnselectMenuActions::test_unselect_on_an_unselected_silo_changes_nothing PASSED
This plugin does not support raise()
This plugin does not support raise()
tests/test_silo_selection_persist.py::TestUnselectMenuActions::test_unselect_all_clears_and_persists PASSED
tests/test_silo_slug.py::test_slug_reference_equivalence PASSED
tests/test_silo_slug.py::test_slug_only_reads_prefix PASSED
tests/test_silo_table.py::test_row_detection PASSED
tests/test_silo_table.py::test_split_keeps_escaped_pipes PASSED
tests/test_silo_table.py::test_parse_finds_the_whole_table_from_any_line PASSED
tests/test_silo_table.py::test_render_aligns_every_pipe PASSED
tests/test_silo_table.py::test_render_respects_alignment PASSED
tests/test_silo_table.py::test_ragged_rows_are_padded_not_dropped PASSED
tests/test_silo_table.py::test_cell_index_and_span PASSED
tests/test_silo_table.py::test_cell_span_of_an_empty_cell_is_collapsed PASSED
tests/test_silo_table.py::test_add_and_remove_rows PASSED
tests/test_silo_table.py::test_the_header_row_cannot_be_deleted PASSED
tests/test_silo_table.py::test_last_body_row_cannot_be_deleted PASSED
tests/test_silo_table.py::test_add_and_remove_columns PASSED
tests/test_silo_table.py::test_the_last_column_cannot_be_deleted PASSED
tests/test_silo_table.py::test_set_align_survives_a_render_round_trip PASSED
tests/test_silo_table.py::test_new_table_leaves_the_body_empty PASSED
tests/test_sound_manager.py::TestSoundFileMap::test_has_click PASSED
tests/test_sound_manager.py::TestSoundFileMap::test_has_new PASSED
tests/test_sound_manager.py::TestSoundFileMap::test_has_save PASSED
tests/test_sound_manager.py::TestSoundFileMap::test_has_silo PASSED
tests/test_sound_manager.py::TestSoundFileMap::test_has_project PASSED
tests/test_sound_manager.py::TestSoundFileMap::test_has_snippet PASSED
tests/test_sound_manager.py::TestSoundFileMap::test_has_tick PASSED
tests/test_sound_manager.py::TestSoundFileMap::test_has_delete PASSED
tests/test_sound_manager.py::TestSoundFileMap::test_has_clear PASSED
tests/test_sound_manager.py::TestSoundFileMap::test_has_type PASSED
tests/test_sound_manager.py::TestSoundFileMap::test_every_default_is_a_file_that_actually_ships PASSED
tests/test_sound_manager.py::TestSoundFileMap::test_has_backspace PASSED
tests/test_sound_manager.py::TestSoundFileMap::test_has_chest_open PASSED
tests/test_sound_manager.py::TestSoundFileMap::test_has_chest_close PASSED
tests/test_sound_manager.py::TestSoundDiscovery::test_discover_returns_wav_files PASSED
tests/test_sound_manager.py::TestSoundDiscovery::test_discover_returns_sorted_list PASSED
tests/test_sound_manager.py::TestEventMapping::test_default_mapping_used_when_no_override PASSED
tests/test_sound_manager.py::TestEventMapping::test_user_mapping_overrides_default PASSED
tests/test_sound_manager.py::TestEventMapping::test_missing_event_returns_none PASSED
tests/test_sound_manager.py::TestEventVolume::test_global_volume_used_when_per_event_empty PASSED
tests/test_sound_manager.py::TestEventVolume::test_per_event_volume_overrides_global PASSED
tests/test_sound_manager.py::TestEventVolume::test_invalid_volume_falls_back_to_global PASSED
tests/test_sound_manager.py::TestSoundManagerToggle::test_play_ui_sound_when_toggle_off_does_nothing PASSED
tests/test_sound_manager.py::TestSoundManagerToggle::test_play_ui_sound_when_toggle_on_proceeds PASSED
tests/test_sound_manager.py::TestSoundManagerToggle::test_play_typewriter_sound_when_toggle_off_does_nothing PASSED
tests/test_sound_manager.py::TestSoundManagerToggle::test_play_typewriter_sound_when_toggle_on_proceeds PASSED
tests/test_sound_manager.py::TestSoundManagerToggle::test_play_ui_sound_defaults_to_off PASSED
tests/test_sound_manager.py::TestSoundManagerToggle::test_play_typewriter_sound_defaults_to_off PASSED
tests/test_sound_manager.py::TestSoundManagerToggle::test_per_event_disabled_overrides_global PASSED
tests/test_sound_manager.py::TestSoundManagerVolume::test_default_volume_is_5 PASSED
tests/test_sound_manager.py::TestSoundManagerVolume::test_custom_volume PASSED
tests/test_sound_manager.py::TestSoundManagerVolume::test_volume_0_is_accepted PASSED
tests/test_sound_manager.py::TestSoundManagerVolume::test_volume_10_is_accepted PASSED
tests/test_sound_manager.py::TestSoundManagerShortcuts::test_play_click_delegates_to_play PASSED
tests/test_sound_manager.py::TestSoundManagerShortcuts::test_play_tick_delegates_to_play PASSED
tests/test_sound_manager.py::TestSoundManagerShortcuts::test_play_hover_delegates_to_play PASSED
tests/test_sound_manager.py::TestSoundManagerShortcuts::test_play_button_release_delegates_to_play PASSED
tests/test_sound_manager.py::TestSoundManagerInit::test_parent_is_set PASSED
tests/test_sound_manager.py::TestSoundManagerInit::test_players_is_empty_dict PASSED
tests/test_sound_manager.py::TestSoundManagerInit::test_sounds_dir_ends_with_sound PASSED
tests/test_sound_manager.py::TestSoundManagerInit::test_data_is_stored PASSED
tests/test_sound_manager.py::TestVolumeOnTheWinsoundPath::test_level_is_clamped_and_junk_reads_as_five PASSED
tests/test_sound_manager.py::TestVolumeOnTheWinsoundPath::test_samples_are_actually_scaled PASSED
tests/test_sound_manager.py::TestVolumeOnTheWinsoundPath::test_cached_file_is_per_level PASSED
tests/test_sound_manager.py::TestVolumeOnTheWinsoundPath::test_play_uses_the_scaled_copy_and_stays_async PASSED
tests/test_sound_manager.py::TestWinsoundSerialization::test_identical_repeat_while_busy_is_dropped PASSED
tests/test_sound_manager.py::TestWinsoundSerialization::test_different_sound_waits_for_the_current_one PASSED
tests/test_sound_manager.py::TestWinsoundSerialization::test_newest_request_wins_while_queued PASSED
tests/test_sound_manager.py::TestWinsoundSerialization::test_drain_arms_a_single_timer PASSED
tests/test_sound_manager.py::TestSameEventCoalesce::test_skip_when_still_playing PASSED
tests/test_sound_manager.py::TestSameEventCoalesce::test_plays_when_idle PASSED
tests/test_sound_manager.py::TestTickDirection::test_tick_on_and_off_ask_for_different_events PASSED
tests/test_sound_manager.py::TestTickDirection::test_default_is_still_tick PASSED
tests/test_sound_manager.py::TestTickDirection::test_both_events_resolve_to_different_files PASSED
tests/test_sound_manager.py::TestPlaySoundRef::test_named_event_plays_through_configured_file PASSED
tests/test_sound_manager.py::TestPlaySoundRef::test_file_ref_inside_library_plays PASSED
tests/test_sound_manager.py::TestPlaySoundRef::test_file_ref_subfolder_plays PASSED
tests/test_sound_manager.py::TestPlaySoundRef::test_file_ref_parent_traversal_rejected PASSED
tests/test_sound_manager.py::TestPlaySoundRef::test_file_ref_absolute_rejected PASSED
tests/test_sound_manager.py::TestPlaySoundRef::test_file_ref_missing_returns_false PASSED
tests/test_sound_manager.py::TestPlaySoundRef::test_empty_or_invalid_ref_returns_false PASSED
tests/test_sound_manager.py::TestPlaySoundRef::test_unknown_event_returns_false PASSED
tests/test_sound_manager.py::TestPlaySoundRef::test_resolve_library_path_accepts_internal_only PASSED
tests/test_startup_backup.py::test_current_schema_starts_without_synchronous_backup PASSED
tests/test_startup_backup.py::test_first_mutation_is_gated_on_background_snapshot PASSED
tests/test_startup_backup.py::test_migration_takes_one_synchronous_backup_before_schema_write PASSED
18:24:01 [ERROR] fastprompter: database load failed; refusing to run on a database that could not be read
Traceback (most recent call last):
  File "V:\___VAC\__K\__CODE\_PY\_FastPrompter\src\fastprompter\core\state.py", line 2420, in init_db
    _backup_atomically(src, backup_dest,
  File "V:\___VAC\__K\__CODE\_PY\_FastPrompter\tests\test_startup_backup.py", line 155, in failing_backup
    raise OSError("disk full simulated during safety backup")
OSError: disk full simulated during safety backup
tests/test_startup_backup.py::test_failed_premigration_backup_aborts_startup_and_prevents_migration PASSED
tests/test_startup_backup.py::test_small_legacy_db_still_takes_premigration_backup PASSED
tests/test_startup_backup.py::test_each_profile_gets_its_own_startup_backup_gate PASSED
tests/test_startup_backup.py::test_stale_old_profile_worker_cannot_release_new_profile_gate PASSED
tests/test_startup_backup.py::test_failed_profile_init_restores_old_backup_context PASSED
tests/test_startup_lazy_ui.py::test_deferred_qt_callback_does_not_retain_or_touch_dead_owner PASSED
This plugin does not support raise()
tests/test_startup_lazy_ui.py::test_startup_timings_coverage PASSED
tests/test_startup_lazy_ui.py::test_lazy_settings_lifecycle PASSED
tests/test_startup_lazy_ui.py::test_lazy_kanban_and_table_widgets PASSED
tests/test_startup_lazy_ui.py::test_archive_button_pool PASSED
tests/test_startup_lazy_ui.py::test_silo_button_pool PASSED
This plugin does not support raise()
tests/test_startup_lazy_ui.py::test_lazy_number_tabs PASSED
tests/test_state.py::TestInit::test_default_data_shape PASSED
tests/test_state.py::TestInit::test_default_categories_have_100_slots PASSED
tests/test_state.py::TestInit::test_default_temp_presets_have_10_empty_slots PASSED
tests/test_state.py::TestInit::test_default_archive_empty PASSED
tests/test_state.py::TestInit::test_current_tab_proxies_set PASSED
tests/test_state.py::TestInit::test_database_connection PASSED
tests/test_state.py::TestInit::test_snapshot_after_init PASSED
tests/test_state.py::TestInit::test_profile_id_default PASSED
tests/test_state.py::TestResetData::test_reset_restores_defaults PASSED
tests/test_state.py::TestResetData::test_reset_does_not_change_profile_id PASSED
tests/test_state.py::TestMarkDirty::test_mark_dirty_sets_flag PASSED
tests/test_state.py::TestMarkDirty::test_mark_dirty_is_thread_safe PASSED
tests/test_state.py::TestSaveToDB::test_no_save_if_not_dirty PASSED
tests/test_state.py::TestSaveToDB::test_save_settings PASSED
tests/test_state.py::TestSaveToDB::test_save_preset PASSED
tests/test_state.py::TestSaveToDB::test_update_preset PASSED
tests/test_state.py::TestSaveToDB::test_delete_preset PASSED
tests/test_state.py::TestSaveToDB::test_save_temp_preset PASSED
tests/test_state.py::TestSaveToDB::test_save_archive_temp PASSED
tests/test_state.py::TestSaveToDB::test_delta_sync_settings_only PASSED
tests/test_state.py::TestSaveToDB::test_last_save_had_silo_text_flag PASSED
tests/test_state.py::TestSaveToDB::test_save_with_ui_settings PASSED
tests/test_state.py::TestSaveToDB::test_current_text_updated PASSED
tests/test_state.py::TestSaveToDB::test_backup_throttled PASSED
18:24:11 [ERROR] fastprompter: durable save refused: startup safety snapshot outcome=TIMEOUT
tests/test_state.py::TestSaveToDB::test_hung_startup_backup_gate_never_blocks_save PASSED
tests/test_state.py::TestSwitchProfile::test_switch_profile_creates_new_db PASSED
tests/test_state.py::TestSwitchProfile::test_switch_profile_resets_data PASSED
tests/test_state.py::TestSwitchProfile::test_switch_profile_conn_valid PASSED
tests/test_state.py::TestSwitchProfile::test_switch_profile_multiple PASSED
tests/test_state.py::TestThreadSafety::test_concurrent_saves PASSED
tests/test_state.py::TestThreadSafety::test_concurrent_mark_dirty_and_save PASSED
tests/test_state.py::TestErrorHandling::test_save_without_conn_does_not_crash PASSED
tests/test_state.py::TestErrorHandling::test_save_empty_settings PASSED
tests/test_state.py::TestPortableBackupCoversEveryProject::test_every_project_is_exported PASSED
tests/test_state.py::TestPortableBackupCoversEveryProject::test_manifest_counts_every_project PASSED
tests/test_state.py::TestPortableBackupCoversEveryProject::test_falls_back_to_the_active_alias PASSED
tests/test_state.py::TestPortableBackupCoversEveryProject::test_project_names_are_made_filesystem_safe PASSED
tests/test_state.py::TestSettingsSurviveAReload::test_silo_types_survive_a_restart PASSED
tests/test_state.py::TestSettingsSurviveAReload::test_every_structured_setting_is_json_encoded PASSED
tests/test_state.py::TestSettingsSurviveAReload::test_a_settings_round_trip_keeps_every_structured_value PASSED
tests/test_state.py::TestDefaultProfile::test_baked_values_reach_the_data_dict PASSED
tests/test_state.py::TestDefaultProfile::test_no_user_content_baked_in PASSED
tests/test_state.py::TestDefaultProfile::test_custom_colors_never_shadow_a_theme PASSED
tests/test_state.py::TestDefaultProfile::test_stored_values_win_over_the_baked_default PASSED
tests/test_state.py::TestDefaultProfile::test_mutable_defaults_are_not_shared PASSED
tests/test_state.py::TestDefaultProfile::test_every_structured_default_field_has_serializer_membership PASSED
tests/test_state.py::TestDefaultProfile::test_json_serializer_round_trips PASSED
tests/test_state.py::TestDefaultProfile::test_every_live_all_key_is_in_the_per_category_registry PASSED
18:24:12 [WARNING] fastprompter: failed to parse structured setting 'folder_trash_log'; adopting the correct default
tests/test_state_codec.py::TestWrongTypeAndCorruptDecode::test_corrupt_folder_trash_log_falls_back_to_list PASSED
18:24:12 [WARNING] fastprompter: structured setting 'folder_trash_log' is valid JSON of the wrong top-level type (dict); adopting the correct default
tests/test_state_codec.py::TestWrongTypeAndCorruptDecode::test_wrong_type_valid_json_folder_trash_log_falls_back_to_list PASSED
18:24:12 [WARNING] fastprompter: structured setting 'folder_trash_log' is valid JSON of the wrong top-level type (str); adopting the correct default
tests/test_state_codec.py::TestWrongTypeAndCorruptDecode::test_wrong_type_string_folder_trash_log_falls_back_to_list PASSED
18:24:12 [WARNING] fastprompter: structured setting 'timers' is valid JSON of the wrong top-level type (dict); adopting the correct default
tests/test_state_codec.py::TestWrongTypeAndCorruptDecode::test_timers_dict_valid_json_falls_back_to_list PASSED
18:24:12 [WARNING] fastprompter: structured setting 'silo_folders' is valid JSON of the wrong top-level type (list); adopting the correct default
tests/test_state_codec.py::TestWrongTypeAndCorruptDecode::test_dict_setting_with_list_json_falls_back_to_dict PASSED
18:24:12 [WARNING] fastprompter: failed to parse structured setting 'category_file_dirs'; adopting the correct default
tests/test_state_codec.py::TestWrongTypeAndCorruptDecode::test_malformed_dict_setting_falls_back_to_dict PASSED
tests/test_state_codec.py::TestLegacyAstRecovery::test_str_dict_productivity_timer_recovers PASSED
tests/test_state_codec.py::TestLegacyAstRecovery::test_str_list_silo_gaps_recovers PASSED
18:24:12 [WARNING] fastprompter: failed to parse structured setting 'silo_gaps'; adopting the correct default
tests/test_state_codec.py::TestLegacyAstRecovery::test_ast_recovery_rejects_wrong_type PASSED
tests/test_state_codec.py::TestRoundTripAndIsolation::test_valid_unicode_round_trip PASSED
tests/test_state_codec.py::TestRoundTripAndIsolation::test_trash_consumed_dict_round_trips_json PASSED
tests/test_state_codec.py::TestRoundTripAndIsolation::test_trash_consumed_legacy_str_dict_recovers PASSED
18:24:12 [WARNING] fastprompter: structured setting 'trash_consumed' is valid JSON of the wrong top-level type (list); adopting the correct default
tests/test_state_codec.py::TestRoundTripAndIsolation::test_trash_consumed_wrong_type_falls_back_to_empty_dict PASSED
18:24:12 [WARNING] fastprompter: structured setting 'cats_order' is valid JSON of the wrong top-level type (dict); adopting the correct default
tests/test_state_codec.py::TestRoundTripAndIsolation::test_cats_order_type_checked PASSED
18:24:12 [WARNING] fastprompter: failed to parse structured setting 'silo_children'; adopting the correct default
18:24:12 [WARNING] fastprompter: failed to parse structured setting 'silo_colors'; adopting the correct default
tests/test_state_codec.py::TestRoundTripAndIsolation::test_adopted_default_is_a_fresh_deep_copy PASSED
tests/test_state_codec.py::TestSingleCodecContract::test_every_json_setting_has_exactly_one_codec PASSED
tests/test_state_codec.py::TestSingleCodecContract::test_every_codec_contract_is_well_formed PASSED
tests/test_state_codec.py::TestSingleCodecContract::test_no_structured_key_is_also_a_scalar_key PASSED
tests/test_state_codec.py::TestFolderTrashLogMemberNormalization::test_mixed_members_drop_malformed PASSED
tests/test_state_codec.py::TestFolderTrashLogMemberNormalization::test_valid_pairs_preserved PASSED
tests/test_state_codec.py::TestFolderTrashLogMemberNormalization::test_recovery_consumers_survive_malformed_member PASSED
18:24:12 [WARNING] fastprompter: per-category store 'project_sync_map_all' carries 1 invalid slot/path mapping(s) for category 'Text'; quarantining them
tests/test_state_codec_sync_map.py::TestCodecQuarantine::test_traversal_entry_is_dropped PASSED
18:24:12 [WARNING] fastprompter: per-category store 'project_sync_map_all' carries 2 invalid slot/path mapping(s) for category 'Text'; quarantining them
tests/test_state_codec_sync_map.py::TestCodecQuarantine::test_absolute_and_drive_entries_are_dropped PASSED
18:24:12 [WARNING] fastprompter: per-category store 'project_sync_map_all' carries 3 invalid slot/path mapping(s) for category 'Text'; quarantining them
tests/test_state_codec_sync_map.py::TestCodecQuarantine::test_backslash_and_dot_segments_are_dropped PASSED
18:24:12 [WARNING] fastprompter: per-category store 'project_sync_map_all' carries 2 invalid slot/path mapping(s) for category 'Text'; quarantining them
tests/test_state_codec_sync_map.py::TestCodecQuarantine::test_non_string_values_are_dropped PASSED
18:24:12 [WARNING] fastprompter: per-category store 'project_sync_map_all' carries a list value for category 'Text'; dropping the member
tests/test_state_codec_sync_map.py::TestCodecQuarantine::test_wrong_typed_category_member_is_dropped PASSED
tests/test_state_codec_sync_map.py::TestCodecQuarantine::test_safe_relative_paths_survive_nested PASSED
tests/test_state_codec_sync_map.py::TestSafeRelPredicate::test_predicate_matches_policy PASSED
tests/test_state_codec_sync_map.py::TestRuntimeContainment::test_resolve_rejects_escape_forms PASSED
tests/test_state_codec_sync_map.py::TestRuntimeContainment::test_resolve_keeps_ordinary_nested_path PASSED
tests/test_state_codec_sync_map.py::TestRuntimeContainment::test_symlink_escape_is_rejected PASSED
tests/test_state_codec_sync_map.py::TestRuntimeContainment::test_explicit_silo_links_are_not_root_confined PASSED
18:24:12 [ERROR] fastprompter: database save failed; the change stays dirty and will be retried
Traceback (most recent call last):
  File "V:\___VAC\__K\__CODE\_PY\_FastPrompter\src\fastprompter\core\state.py", line 2954, in _save_data_to_db_locked
    cur.executemany('INSERT OR REPLACE INTO settings (key, value) VALUES (?,?)', settings_to_save)
  File "V:\___VAC\__K\__CODE\_PY\_FastPrompter\tests\test_state_failures.py", line 81, in _executemany
    raise sqlite3.OperationalError("disk I/O error")
sqlite3.OperationalError: disk I/O error
tests/test_state_failures.py::TestFailedSave::test_failed_save_does_not_advance_snapshots_and_retry_recovers PASSED
18:24:12 [ERROR] fastprompter: database save failed; the change stays dirty and will be retried
Traceback (most recent call last):
  File "V:\___VAC\__K\__CODE\_PY\_FastPrompter\src\fastprompter\core\state.py", line 2962, in _save_data_to_db_locked
    cur.executemany('INSERT OR REPLACE INTO temp_presets_v2 (category, slot, content) VALUES (?,?,?)', list(to_update_temp))
  File "V:\___VAC\__K\__CODE\_PY\_FastPrompter\tests\test_state_failures.py", line 81, in _executemany
    raise sqlite3.OperationalError("disk I/O error")
sqlite3.OperationalError: disk I/O error
tests/test_state_failures.py::TestFailedSave::test_partial_transaction_rolls_back PASSED
18:24:12 [ERROR] fastprompter: database save failed; the change stays dirty and will be retried
Traceback (most recent call last):
  File "V:\___VAC\__K\__CODE\_PY\_FastPrompter\src\fastprompter\core\state.py", line 2951, in _save_data_to_db_locked
    with self.conn:
sqlite3.ProgrammingError: Cannot operate on a closed database.
tests/test_state_failures.py::TestFailedSave::test_previous_committed_db_stays_readable_after_failed_save PASSED
18:24:12 [ERROR] fastprompter: throttled database backup failed
Traceback (most recent call last):
  File "V:\___VAC\__K\__CODE\_PY\_FastPrompter\src\fastprompter\core\state.py", line 3004, in _save_data_to_db_locked
    self._dispatch_periodic_backup()
  File "V:\___VAC\__K\__CODE\_PY\_FastPrompter\src\fastprompter\core\state.py", line 2747, in _dispatch_periodic_backup
    _backup_atomically(self.conn, self.db_path + ".bak")
  File "V:\___VAC\__K\__CODE\_PY\_FastPrompter\tests\test_state_failures.py", line 177, in _boom
    raise OSError("disk full during backup")
OSError: disk full during backup
tests/test_state_failures.py::TestFailedBackup::test_failed_bak_never_replaces_the_good_copy PASSED
tests/test_state_failures.py::TestFailedBackup::test_successful_bak_is_atomic_and_valid PASSED
18:24:12 [ERROR] fastprompter: database load failed; refusing to run on a database that could not be read
Traceback (most recent call last):
  File "V:\___VAC\__K\__CODE\_PY\_FastPrompter\src\fastprompter\core\state.py", line 2429, in init_db
    self.conn.execute('PRAGMA journal_mode=WAL;')
sqlite3.DatabaseError: file is not a database
tests/test_state_failures.py::TestUnreadableDatabase::test_load_failure_raises_instead_of_silent_defaults PASSED
18:24:12 [WARNING] fastprompter: failed to parse structured setting 'pinned_silos_all'; adopting the correct default
tests/test_state_failures.py::TestUnreadableDatabase::test_bad_json_setting_falls_back_per_row_not_by_wiping PASSED
tests/test_state_failures.py::TestBackupValidatedBeforePublish::test_valid_backup_replaces_previous PASSED
18:24:12 [ERROR] fastprompter: throttled database backup failed
Traceback (most recent call last):
  File "V:\___VAC\__K\__CODE\_PY\_FastPrompter\src\fastprompter\core\state.py", line 3004, in _save_data_to_db_locked
    self._dispatch_periodic_backup()
  File "V:\___VAC\__K\__CODE\_PY\_FastPrompter\src\fastprompter\core\state.py", line 2747, in _dispatch_periodic_backup
    _backup_atomically(self.conn, self.db_path + ".bak")
  File "V:\___VAC\__K\__CODE\_PY\_FastPrompter\src\fastprompter\core\state.py", line 1014, in _backup_atomically
    tmp = _prepare_backup_candidate(source_conn, dest_path, validate=validate)
          ^^^^^^^^^^^^^^^^^^^^^^^^^^^^^^^^^^^^^^^^^^^^^^^^^^^^^^^^^^^^^^^^^^^^
  File "V:\___VAC\__K\__CODE\_PY\_FastPrompter\src\fastprompter\core\state.py", line 972, in _prepare_backup_candidate
    validate_database(tmp)
  File "V:\___VAC\__K\__CODE\_PY\_FastPrompter\tests\test_state_failures.py", line 282, in _boom
    raise state_mod.RestoreError("corrupt candidate")
fastprompter.core.state.RestoreError: corrupt candidate
tests/test_state_failures.py::TestBackupValidatedBeforePublish::test_validation_failure_keeps_previous_backup PASSED
18:24:12 [ERROR] fastprompter: throttled database backup failed
Traceback (most recent call last):
  File "V:\___VAC\__K\__CODE\_PY\_FastPrompter\src\fastprompter\core\state.py", line 3004, in _save_data_to_db_locked
    self._dispatch_periodic_backup()
  File "V:\___VAC\__K\__CODE\_PY\_FastPrompter\src\fastprompter\core\state.py", line 2747, in _dispatch_periodic_backup
    _backup_atomically(self.conn, self.db_path + ".bak")
  File "V:\___VAC\__K\__CODE\_PY\_FastPrompter\src\fastprompter\core\state.py", line 1015, in _backup_atomically
    _publish_backup_candidate(tmp, dest_path)
  File "V:\___VAC\__K\__CODE\_PY\_FastPrompter\src\fastprompter\core\state.py", line 996, in _publish_backup_candidate
    os.replace(tmp, dest_path)
  File "V:\___VAC\__K\__CODE\_PY\_FastPrompter\tests\test_state_failures.py", line 307, in _boom
    raise OSError("replace failed")
OSError: replace failed
tests/test_state_failures.py::TestBackupValidatedBeforePublish::test_replace_failure_keeps_previous_backup PASSED
18:24:12 [ERROR] fastprompter: throttled database backup failed
Traceback (most recent call last):
  File "V:\___VAC\__K\__CODE\_PY\_FastPrompter\src\fastprompter\core\state.py", line 3004, in _save_data_to_db_locked
    self._dispatch_periodic_backup()
  File "V:\___VAC\__K\__CODE\_PY\_FastPrompter\src\fastprompter\core\state.py", line 2747, in _dispatch_periodic_backup
    _backup_atomically(self.conn, self.db_path + ".bak")
  File "V:\___VAC\__K\__CODE\_PY\_FastPrompter\src\fastprompter\core\state.py", line 1014, in _backup_atomically
    tmp = _prepare_backup_candidate(source_conn, dest_path, validate=validate)
          ^^^^^^^^^^^^^^^^^^^^^^^^^^^^^^^^^^^^^^^^^^^^^^^^^^^^^^^^^^^^^^^^^^^^
  File "V:\___VAC\__K\__CODE\_PY\_FastPrompter\src\fastprompter\core\state.py", line 972, in _prepare_backup_candidate
    validate_database(tmp)
  File "V:\___VAC\__K\__CODE\_PY\_FastPrompter\tests\test_state_failures.py", line 327, in _boom
    raise state_mod.RestoreError("corrupt candidate")
fastprompter.core.state.RestoreError: corrupt candidate
tests/test_state_failures.py::TestBackupValidatedBeforePublish::test_failed_backup_leaves_no_fake_final PASSED
18:24:12 [ERROR] fastprompter: throttled database backup failed
Traceback (most recent call last):
  File "V:\___VAC\__K\__CODE\_PY\_FastPrompter\src\fastprompter\core\state.py", line 3004, in _save_data_to_db_locked
    self._dispatch_periodic_backup()
  File "V:\___VAC\__K\__CODE\_PY\_FastPrompter\src\fastprompter\core\state.py", line 2747, in _dispatch_periodic_backup
    _backup_atomically(self.conn, self.db_path + ".bak")
  File "V:\___VAC\__K\__CODE\_PY\_FastPrompter\tests\test_state_failures.py", line 349, in _failing
    raise OSError("disk full")
OSError: disk full
18:24:12 [ERROR] fastprompter: throttled database backup failed
Traceback (most recent call last):
  File "V:\___VAC\__K\__CODE\_PY\_FastPrompter\src\fastprompter\core\state.py", line 3004, in _save_data_to_db_locked
    self._dispatch_periodic_backup()
  File "V:\___VAC\__K\__CODE\_PY\_FastPrompter\src\fastprompter\core\state.py", line 2747, in _dispatch_periodic_backup
    _backup_atomically(self.conn, self.db_path + ".bak")
  File "V:\___VAC\__K\__CODE\_PY\_FastPrompter\tests\test_state_failures.py", line 349, in _failing
    raise OSError("disk full")
OSError: disk full
tests/test_state_failures.py::TestBackupThrottleSuccessBased::test_failed_backup_retries_immediately PASSED
tests/test_state_failures.py::TestBackupThrottleSuccessBased::test_successful_backup_throttles_the_next PASSED
tests/test_state_failures.py::TestSynchronousSave::test_save_commits_before_returning_to_the_caller PASSED
tests/test_state_failures.py::TestSynchronousSave::test_no_background_executor_is_created PASSED
tests/test_state_failures.py::TestSynchronousSave::test_snapshot_markers_advance_only_after_commit PASSED
tests/test_state_migration.py::TestFreshDatabase::test_fresh_db_reaches_current_version PASSED
tests/test_state_migration.py::TestFreshDatabase::test_fresh_db_is_stable_across_reopen PASSED
tests/test_state_migration.py::TestLegacyMigration::test_legacy_tables_folded_into_v2 PASSED
tests/test_state_migration.py::TestLegacyMigration::test_migrated_legacy_data_survives_reload PASSED
tests/test_state_migration.py::TestLegacyMigration::test_pre_migration_backup_remains_usable PASSED
tests/test_state_migration.py::TestAlreadyMigrated::test_current_db_left_alone PASSED
18:24:12 [ERROR] fastprompter: database migration to schema v1 failed; the database was rolled back and left untouched
Traceback (most recent call last):
  File "V:\___VAC\__K\__CODE\_PY\_FastPrompter\src\fastprompter\core\state.py", line 826, in _migrate_schema
    _migrate_v0_to_v1(conn, first_category)
  File "V:\___VAC\__K\__CODE\_PY\_FastPrompter\tests\test_state_migration.py", line 165, in _bad
    raise state_mod.MigrationError("boom")
fastprompter.core.state.MigrationError: boom
tests/test_state_migration.py::TestFailedMigration::test_failed_migration_rolls_back_and_raises PASSED
18:24:12 [ERROR] fastprompter: database migration to schema v1 failed; the database was rolled back and left untouched
Traceback (most recent call last):
  File "V:\___VAC\__K\__CODE\_PY\_FastPrompter\src\fastprompter\core\state.py", line 826, in _migrate_schema
    _migrate_v0_to_v1(conn, first_category)
  File "V:\___VAC\__K\__CODE\_PY\_FastPrompter\tests\test_state_migration.py", line 184, in _bad
    raise state_mod.MigrationError("boom")
fastprompter.core.state.MigrationError: boom
tests/test_state_migration.py::TestFailedMigration::test_retry_after_failure_succeeds PASSED
18:24:12 [WARNING] fastprompter: failed to parse structured setting 'pinned_silos_all'; adopting the correct default
tests/test_state_migration.py::TestMalformedLegacySettings::test_bad_json_setting_falls_back_without_crash PASSED
tests/test_state_migration.py::TestRoundTrip::test_save_reload_round_trip_loses_nothing PASSED
tests/test_state_migration.py::TestFutureSchemaRejected::test_current_plus_one_is_rejected PASSED
tests/test_state_migration.py::TestFutureSchemaRejected::test_version_999_is_rejected PASSED
tests/test_state_migration.py::TestFutureSchemaRejected::test_rejected_db_is_left_unchanged PASSED
tests/test_state_migration.py::TestFutureSchemaRejected::test_current_version_is_a_no_op PASSED
tests/test_state_migration.py::TestFutureSchemaRejected::test_v0_migration_records_exactly_version_1 PASSED
tests/test_state_migration.py::test_mixed_v0_identical_content_coalesces PASSED
tests/test_state_migration.py::test_mixed_v0_distinct_content_moves_to_free_slot PASSED
tests/test_state_migration.py::test_mixed_v0_archive_identical_coalesces PASSED
tests/test_static_cursor.py::test_off_by_default PASSED
tests/test_static_cursor.py::test_on_freezes_the_pointer_app_wide PASSED
tests/test_static_cursor.py::test_applying_twice_pushes_one_override_only PASSED
tests/test_static_cursor.py::test_toggle_releases_the_override PASSED
tests/test_static_cursor.py::test_releasing_when_never_applied_is_a_no_op PASSED
tests/test_static_cursor.py::test_resize_shape_temporarily_replaces_static_arrow PASSED
tests/test_static_cursor.py::test_window_edge_resizer_exposes_and_restores_resize_shape PASSED
tests/test_themes.py::TestGenerateCustomTheme::test_returns_dict_with_required_keys PASSED
tests/test_themes.py::TestGenerateCustomTheme::test_default_values_when_empty_dict PASSED
tests/test_themes.py::TestGenerateCustomTheme::test_override_single_color PASSED
tests/test_themes.py::TestGenerateCustomTheme::test_override_multiple_colors PASSED
tests/test_themes.py::TestGenerateCustomTheme::test_preset_colors_has_10_entries PASSED
tests/test_themes.py::TestGenerateCustomTheme::test_preset_colors_match_bg PASSED
tests/test_themes.py::TestGenerateCustomTheme::test_active_temp_color_matches_btn_bg PASSED
tests/test_themes.py::TestGenerateCustomTheme::test_inactive_temp_color_matches_bg_main PASSED
tests/test_themes.py::TestGenerateCustomTheme::test_tray_color_matches_accent PASSED
tests/test_themes.py::TestGenerateCustomTheme::test_btn_new_contains_bg_color PASSED
tests/test_themes.py::TestGenerateCustomTheme::test_stylesheet_contains_widget_selectors PASSED
tests/test_themes.py::TestGenerateCustomTheme::test_stylesheet_reflects_colors PASSED
tests/test_themes.py::TestGenerateCustomTheme::test_raw_colors_has_all_expected_keys PASSED
tests/test_themes.py::TestGenerateCustomTheme::test_notif_defaults_derive_from_base PASSED
tests/test_themes.py::TestGenerateCustomTheme::test_notif_overrides_are_respected PASSED
tests/test_themes.py::TestGenerateCustomTheme::test_custom_theme_type PASSED
tests/test_themes.py::TestThemesDict::test_has_all_expected_themes PASSED
tests/test_themes.py::TestThemesDict::test_popular_themes_carry_their_signature_accent PASSED
tests/test_themes.py::TestThemesDict::test_generate_custom_theme_does_not_mutate_caller_dict PASSED
tests/test_themes.py::TestThemesDict::test_each_theme_has_stylesheet PASSED
tests/test_themes.py::TestThemesDict::test_each_theme_has_notification_tokens PASSED
tests/test_themes.py::TestThemesDict::test_each_theme_has_preset_colors PASSED
tests/test_themes.py::TestThemesDict::test_each_theme_has_active_temp_color PASSED
tests/test_themes.py::TestThemesDict::test_each_theme_has_tray_color PASSED
tests/test_themes.py::TestThemesDict::test_each_theme_has_raw_colors PASSED
tests/test_themes.py::TestThemesDict::test_default_theme_accent PASSED
tests/test_themes.py::TestThemesDict::test_vintage_dark_uses_beveled_borders PASSED
tests/test_themes.py::TestThemesDict::test_vintage_classic_is_light PASSED
tests/test_themes.py::TestFontSizePersistence::test_change_font_size_marks_settings_only PASSED
tests/test_themes.py::TestFontSizePersistence::test_programmatic_change_syncs_the_global_control PASSED
tests/test_themes.py::TestFontSizePersistence::test_rendered_floor_and_control_can_never_disagree PASSED
tests/test_themes_headers.py::test_every_theme_styles_headers_and_grid PASSED
tests/test_themes_headers.py::test_the_header_takes_its_colours_from_the_theme_not_from_qt PASSED
tests/test_themes_headers.py::test_the_rules_reach_the_application_sheet PASSED
tests/test_themes_headers.py::test_zebra_rows_are_never_white PASSED
tests/test_themes_headers.py::test_the_calendar_popup_carries_its_own_copy PASSED
tests/test_timer_dialog_wave.py::test_behavior_editor_defaults_on PASSED
This plugin does not support propagateSizeHints()
This plugin does not support propagateSizeHints()
This plugin does not support propagateSizeHints()
This plugin does not support propagateSizeHints()
tests/test_timer_dialog_wave.py::test_pool_toggle_swaps_single_and_table PASSED
tests/test_timer_dialog_wave.py::test_pool_caps_at_ten_rows PASSED
tests/test_timer_dialog_wave.py::test_pool_rule_roundtrip_reads_back PASSED
tests/test_timer_dialog_wave.py::test_preview_only_on_user_activation PASSED
tests/test_timer_dialog_wave.py::test_dialog_constructs_with_calendar_tab PASSED
tests/test_timer_dialog_wave.py::test_temp_tab_keeps_description_and_has_real_test_button PASSED
tests/test_timer_dialog_wave.py::test_calendar_add_edit_delete_event PASSED
tests/test_timer_dialog_wave.py::test_calendar_markers_mark_visible_month PASSED
tests/test_timer_dialog_wave.py::test_alarm_commit_carries_behavior_flags PASSED
tests/test_timer_dialog_wave.py::test_vol_spin_drives_timer_volume_end_to_end PASSED
tests/test_timer_dialog_wave.py::test_real_dialog_editors_offer_library_files_from_one_inventory PASSED
tests/test_timer_dialog_wave.py::test_pool_row_signals_survive_row_removal PASSED
tests/test_timer_dialog_wave.py::test_calendar_inherited_volume_uses_calendar_editor_volume PASSED
tests/test_timer_dialog_wave.py::test_zero_length_window_refused_at_alarm_commit PASSED
tests/test_timer_dialog_wave.py::test_overnight_window_remains_valid PASSED
tests/test_timer_dialog_wave.py::test_zero_length_window_refused_at_calendar_commit PASSED
tests/test_timer_dialog_wave.py::test_alarm_list_isolated_from_calendar_events PASSED
tests/test_timer_dialog_wave.py::test_recurring_calendar_edit_keeps_series_anchor PASSED
tests/test_timer_dialog_wave.py::test_recurring_calendar_edit_keeps_feb29_anchor PASSED
tests/test_timer_dialog_wave.py::test_past_recurring_calendar_normalized_no_retro_fire PASSED
tests/test_timer_dialog_wave.py::test_past_once_event_refused_when_enabled PASSED
tests/test_timer_dialog_wave.py::test_disabled_past_once_storable_then_enable_refused PASSED
tests/test_timer_dialog_wave.py::test_disabled_past_repeating_enable_normalizes PASSED
tests/test_timer_dialog_wave.py::test_alarm_edit_writes_absolute_datetime_and_preserves_it PASSED
tests/test_timer_dialog_wave.py::test_monthly_alarm_name_only_edit_keeps_series_anchor PASSED
tests/test_timer_dialog_wave.py::test_yearly_feb29_alarm_edit_keeps_anchor_on_non_leap_occurrence PASSED
tests/test_timer_dialog_wave.py::test_monthly_alarm_date_change_reanchors PASSED
tests/test_timer_dialog_wave.py::test_interval_alarm_name_only_edit_preserves_period_and_reset PASSED
tests/test_timer_dialog_wave.py::test_calendar_tracks_runtime_advance_on_tick PASSED
tests/test_timer_dialog_wave.py::test_no_change_tick_does_not_rebuild_calendar PASSED
tests/test_timer_dialog_wave.py::test_disabled_event_shows_paused_and_muted PASSED
tests/test_timer_dialog_wave.py::test_cal_toggle_refreshes_markers_and_button_text PASSED
tests/test_timer_dialog_wave.py::test_malformed_calendar_timers_do_not_crash_dialog PASSED
tests/test_timer_dialog_wave.py::test_alarm_edit_cancel_is_true_noop PASSED
tests/test_timer_dialog_wave.py::test_calendar_edit_cancel_is_true_noop PASSED
tests/test_timer_dialog_wave.py::test_mutations_update_timer_label_immediately PASSED
This plugin does not support propagateSizeHints()
tests/test_timer_dialog_wave.py::test_dialog_open_close_hundred_times_no_residue PASSED
tests/test_timer_dialog_wave.py::test_periodic_refresh_is_bound_to_page_identity PASSED
tests/test_timer_dialog_wave.py::test_alarm_delete_button_persists_exact_selected_object PASSED
tests/test_timer_dialog_wave.py::test_delete_without_selection_is_safe PASSED
tests/test_timer_dialog_wave.py::test_calendar_and_interval_delete_persist_and_refresh PASSED
tests/test_timer_fire.py::test_notify_on_plays_sound_and_shows_toast PASSED
tests/test_timer_fire.py::test_notify_off_no_toast_no_tray_but_sound PASSED
tests/test_timer_fire.py::test_global_sound_settings_not_mutated PASSED
tests/test_timer_fire.py::test_pool_silent_still_notifies PASSED
tests/test_timer_fire.py::test_check_timers_fires_alarm_and_calendar PASSED
tests/test_timer_fire.py::test_hidden_from_topbar_still_fires PASSED
tests/test_timer_fire.py::test_missing_sound_ref_scheduler_survives PASSED
tests/test_timer_fire.py::test_test_notification_deep_copies_behavior PASSED
tests/test_timer_fire.py::test_snooze_repeating_creates_one_shot_clone_and_keeps_series PASSED
tests/test_timer_fire.py::test_snooze_one_shot_rearms_legacy PASSED
tests/test_timer_fire.py::test_snooze_refuses_timer_not_owned_by_current_profile PASSED
tests/test_timer_fire.py::test_check_timers_isolates_one_bad_timer PASSED
tests/test_timer_fire.py::test_check_timers_still_saves_when_a_timer_raises PASSED
tests/test_timer_fire.py::test_test_notification_job_is_registered_and_fires PASSED
tests/test_timer_fire.py::test_test_notification_jobs_cancelled_on_shutdown PASSED
tests/test_timer_fire.py::test_test_notification_stale_profile_never_fires PASSED
tests/test_timer_fire.py::test_test_notification_hundred_jobs_cancel_clean PASSED
tests/test_timer_toast_t1015.py::test_t1015_toast_sentinel_palette PASSED
This plugin does not support raise()
This plugin does not support raise()
This plugin does not support raise()
tests/test_timer_toast_wave.py::test_stack_bounded_retires_oldest PASSED
This plugin does not support raise()
This plugin does not support raise()
tests/test_timer_toast_wave.py::test_toasts_stack_above_each_other PASSED
This plugin does not support raise()
This plugin does not support raise()
tests/test_timer_toast_wave.py::test_close_for_main_closes_only_that_profiles_toasts PASSED
This plugin does not support raise()
This plugin does not support raise()
tests/test_timer_toast_wave.py::test_stale_entries_pruned_on_next_place PASSED
tests/test_timers.py::TestRoundTrip::test_survives_save_and_load PASSED
tests/test_timers.py::TestRoundTrip::test_corrupt_entries_are_skipped_not_fatal PASSED
tests/test_timers.py::TestRoundTrip::test_bad_volume_is_clamped_not_crashing PASSED
tests/test_timers.py::TestRoundTrip::test_blank_name_gets_a_fallback PASSED
tests/test_timers.py::TestDueLogic::test_remaining_and_is_due PASSED
tests/test_timers.py::TestDueLogic::test_disabled_timers_never_fire PASSED
tests/test_timers.py::TestDueLogic::test_next_due_picks_the_soonest_live_one PASSED
tests/test_timers.py::TestDueLogic::test_one_shot_fires_once PASSED
tests/test_timers.py::TestDueLogic::test_repeating_timer_rolls_forward PASSED
tests/test_timers.py::TestDueLogic::test_long_absence_does_not_fire_once_per_missed_day PASSED
tests/test_timers.py::TestDueLogic::test_weekly_rolls_by_a_week PASSED
tests/test_timers.py::TestColour::test_static_mode_never_changes PASSED
tests/test_timers.py::TestColour::test_temperature_warms_as_the_deadline_closes PASSED
tests/test_timers.py::TestColour::test_temperature_is_defined_at_every_distance PASSED
tests/test_timers.py::TestColour::test_temperature_mode_tracks_remaining_time PASSED
tests/test_timers.py::TestSnooze::test_fired_alarm_is_pushed_from_now PASSED
tests/test_timers.py::TestSnooze::test_pending_timer_moves_LATER_never_closer PASSED
tests/test_timers.py::TestSnooze::test_bad_input_falls_back PASSED
tests/test_timers.py::TestSnooze::test_summary_includes_description PASSED
tests/test_timers.py::TestSnooze::test_description_round_trips PASSED
tests/test_timers.py::test_interval_repeat_rolls_by_its_own_period PASSED
tests/test_timers.py::test_interval_never_lands_in_the_past_after_a_long_sleep PASSED
tests/test_timers.py::test_interval_period_cannot_be_zero PASSED
tests/test_timers.py::test_interval_survives_a_save_load_round_trip PASSED
tests/test_timers.py::test_timers_saved_before_intervals_existed_still_load PASSED
tests/test_timers.py::test_describe_spells_out_the_window_in_words PASSED
tests/test_timers.py::test_describe_marks_a_paused_timer PASSED
tests/test_timers.py::test_legacy_timer_migrates_to_safe_defaults PASSED
tests/test_timers.py::test_new_fields_round_trip PASSED
tests/test_timers.py::test_malformed_kind_heals_to_alarm PASSED
tests/test_timers.py::test_malformed_repeat_anchor_heals_from_target PASSED
tests/test_timers.py::test_missing_repeat_anchor_derives_from_target PASSED
tests/test_timers.py::test_monthly_31st_clamps_and_returns PASSED
tests/test_timers.py::test_monthly_leap_february PASSED
tests/test_timers.py::test_monthly_aug31_chain PASSED
tests/test_timers.py::test_yearly_feb29_clamps_on_non_leap PASSED
tests/test_timers.py::test_advance_future_monthly_target_is_noop PASSED
tests/test_timers.py::test_advance_future_yearly_target_is_noop PASSED
tests/test_timers.py::test_advance_past_monthly_lands_next_future_occurrence PASSED
tests/test_timers.py::test_advance_past_yearly_lands_next_future_occurrence PASSED
tests/test_timers.py::test_weekly_rolls_by_seven_days PASSED
tests/test_timers.py::test_daily_rolls_by_one_day PASSED
tests/test_timers.py::test_monthly_closed_multiple_years_lands_future_once PASSED
tests/test_timers.py::test_yearly_closed_multiple_years_lands_future_once PASSED
tests/test_timers.py::test_occurrence_helpers_do_not_mutate_timer PASSED
tests/test_timers.py::test_occurs_on_date_rules PASSED
tests/test_timers.py::test_occurrences_in_month_bounded_and_correct PASSED
tests/test_timers.py::test_recurring_history_survives_collect_due_advance PASSED
tests/test_timers.py::test_weekly_history_uses_anchor_after_advance PASSED
tests/test_timers.py::test_monthly_feb29_clamp_history_after_advance PASSED
tests/test_timers.py::test_oneshot_only_visible_on_target_date PASSED
tests/test_timers.py::test_new_repeat_choices_are_valid_and_preserved PASSED
tests/test_timers.py::test_single_mode_returns_own_sound_and_volume PASSED
tests/test_timers.py::test_pool_with_no_eligible_rule_is_silent PASSED
tests/test_timers.py::test_pool_picks_an_eligible_rule_with_volume_inheritance PASSED
tests/test_timers.py::test_pool_rule_explicit_volume_overrides_inheritance PASSED
tests/test_timers.py::test_pool_boundaries_start_inclusive_end_exclusive PASSED
tests/test_timers.py::test_pool_overnight_window PASSED
tests/test_timers.py::test_pool_zero_length_window_matches_nothing PASSED
tests/test_timers.py::test_pool_overlapping_rows_count_as_separate_candidates PASSED
tests/test_timers.py::test_pool_disabled_rule_not_eligible PASSED
tests/test_timers.py::test_pool_random_pick_is_deterministic_with_seeded_rng PASSED
tests/test_timers.py::test_pool_rules_truncated_at_max PASSED
tests/test_timers.py::test_malformed_pool_rule_dropped_on_load PASSED
tests/test_timers.py::test_pool_mode_does_not_fall_back_to_single_sound PASSED
tests/test_timers.py::test_next_due_topbar_only_ignores_hidden_timers PASSED
tests/test_timers.py::test_next_due_default_still_sees_hidden_timers PASSED
tests/test_timers.py::TestBoolHealing::test_real_bools_pass_through PASSED
tests/test_timers.py::TestBoolHealing::test_string_false_stays_false PASSED
tests/test_timers.py::TestBoolHealing::test_string_true_and_case_insensitive PASSED
tests/test_timers.py::TestBoolHealing::test_numeric_one_and_zero PASSED
tests/test_timers.py::TestBoolHealing::test_malformed_falls_back_to_field_default PASSED
tests/test_timers.py::TestBoolHealing::test_legacy_string_flags_survive_round_trip PASSED
tests/test_timers.py::TestBoolHealing::test_sound_rule_string_false_is_not_eligible PASSED
tests/test_timers.py::TestBoolHealing::test_sound_rule_missing_enabled_defaults_on PASSED
tests/test_timers.py::TestUniqueIdsOnLoad::test_duplicate_ids_are_distinct_after_load PASSED
tests/test_timers.py::TestUniqueIdsOnLoad::test_numeric_id_becomes_string PASSED
tests/test_timers.py::TestUniqueIdsOnLoad::test_duplicate_with_valid_one_replaces_only_the_dup PASSED
tests/test_timers.py::TestUniqueIdsOnLoad::test_triplet_all_distinct PASSED
tests/test_timers.py::TestUniqueIdsOnLoad::test_deleting_first_dup_does_not_delete_second PASSED
tests/test_timers.py::TestUniqueIdsOnLoad::test_ids_do_not_collide_with_an_existing_valid_one PASSED
tests/test_timers.py::TestUniqueIdsOnLoad::test_whitespace_id_heals PASSED
tests/test_timers.py::TestDetachedSaveSnapshots::test_to_dict_rules_are_a_copy PASSED
tests/test_timers.py::TestDetachedSaveSnapshots::test_saved_list_rules_are_a_copy PASSED
tests/test_timers.py::TestDetachedSaveSnapshots::test_live_mutation_does_not_touch_saved_snapshot PASSED
tests/test_timers.py::TestDetachedSaveSnapshots::test_reloaded_rules_are_owned_by_the_timer PASSED
tests/test_timers.py::TestSnoozeClone::test_clone_is_one_shot_with_fresh_id PASSED
tests/test_timers.py::TestSnoozeClone::test_clone_carries_full_behaviour PASSED
tests/test_timers.py::TestSnoozeClone::test_clone_rules_are_not_aliased PASSED
tests/test_timers.py::TestSnoozeClone::test_original_untouched_on_advanced_schedule PASSED
tests/test_timers.py::TestSnoozeClone::test_minutes_are_clamped PASSED
tests/test_timers.py::TestProfileRoundtripEveryField::test_full_featured_timer_survives_switch_and_restart PASSED
tests/test_timers.py::TestProfileRoundtripEveryField::test_profiles_do_not_share_live_rules PASSED
tests/test_timers.py::TestProfileRoundtripEveryField::test_repeat_anchor_survives_save_load PASSED
tests/test_timers.py::test_t1013_from_dict_corrupt_entries_skipped PASSED
tests/test_timers.py::test_t1013_all_day_boolean_healing PASSED
tests/test_timers.py::test_temporary_timer_roundtrips_and_keeps_delete_policy PASSED
tests/test_timers.py::test_temporary_timer_can_be_extended_additively PASSED
tests/test_topbar_visibility.py::test_shipped_default_is_the_versioned_structured_policy PASSED
tests/test_topbar_visibility.py::test_defaults_preserve_important_status_at_wide_and_medium PASSED
tests/test_topbar_visibility.py::test_custom_breakpoint_changes_at_exact_boundary PASSED
tests/test_topbar_visibility.py::test_item_overrides_and_semantic_absence_are_exact PASSED
tests/test_topbar_visibility.py::test_resolution_has_no_resize_history_input PASSED
tests/test_topbar_visibility.py::test_corrupt_and_old_configs_heal_and_unknown_tokens_are_ignored PASSED
tests/test_topbar_visibility.py::test_structured_config_json_roundtrip_keeps_rules_separate_from_order PASSED
tests/test_topbar_visibility_dialog.py::test_no_rule_cell_is_a_dropdown PASSED
tests/test_topbar_visibility_dialog.py::test_scrolling_across_a_rule_cell_cannot_change_it PASSED
tests/test_topbar_visibility_dialog.py::test_clicking_a_button_is_exclusive_and_is_what_gets_saved PASSED
tests/test_topbar_visibility_dialog.py::test_locked_items_stay_unclickable PASSED
tests/test_tray_menu_toggles.py::test_tray_state_reads_data PASSED
tests/test_tray_menu_toggles.py::test_aot_prefers_pin_top_handler PASSED
tests/test_tray_menu_toggles.py::test_aot_falls_back_to_toggle_aot PASSED
tests/test_tray_menu_toggles.py::test_focus_data_branch_persists PASSED
tests/test_tray_menu_toggles.py::test_icon_data_branch_delegates PASSED
tests/test_typecheck.py::test_tokens_are_words_with_offsets PASSED
tests/test_typecheck.py::test_code_fences_are_skipped PASSED
tests/test_typecheck.py::test_inline_code_is_skipped PASSED
tests/test_typecheck.py::test_urls_and_emails_are_skipped PASSED
tests/test_typecheck.py::test_identifiers_are_skipped PASSED
tests/test_typecheck.py::test_acronyms_and_numbers_are_not_tokens PASSED
tests/test_typecheck.py::test_unknown_flags_typos PASSED
tests/test_typecheck.py::test_unknown_skips_identifiers PASSED
tests/test_typecheck.py::test_contractions PASSED
tests/test_typecheck.py::test_non_latin_scripts_are_never_flagged_without_coverage PASSED
tests/test_typecheck.py::test_user_words_extend_the_pool PASSED
tests/test_typecheck.py::test_add_grows_the_pool PASSED
tests/test_typecheck.py::test_suggestions_are_close_matches PASSED
tests/test_typecheck.py::test_find_unknown_returns_offsets PASSED
tests/test_typecheck.py::test_find_unknown_is_bounded PASSED
tests/test_typecheck.py::test_ui_vocabulary_accepts_foreign_ui_words PASSED
tests/test_typecheck.py::test_common_words_are_in_the_shipped_dictionary[world] PASSED
tests/test_typecheck.py::test_common_words_are_in_the_shipped_dictionary[because] PASSED
tests/test_typecheck.py::test_common_words_are_in_the_shipped_dictionary[should] PASSED
tests/test_typecheck.py::test_common_words_are_in_the_shipped_dictionary[quickly] PASSED
tests/test_typecheck.py::test_common_words_are_in_the_shipped_dictionary[interesting] PASSED
tests/test_typecheck.py::test_common_words_are_in_the_shipped_dictionary[yesterday] PASSED
tests/test_typecheck.py::test_common_words_are_in_the_shipped_dictionary[beautiful] PASSED
tests/test_typecheck.py::test_common_words_are_in_the_shipped_dictionary[morning] PASSED
tests/test_typecheck.py::test_common_words_are_in_the_shipped_dictionary[dictionary] PASSED
tests/test_typecheck.py::test_common_words_are_in_the_shipped_dictionary[suggestion] PASSED
tests/test_typecheck.py::test_script_coverage_is_cached PASSED
tests/test_typecheck_vocab.py::test_generated_vocabulary_equals_source_extraction PASSED
tests/test_typecheck_vocab.py::test_ui_vocabulary_imports_no_language_modules PASSED
tests/test_typecheck_vocab.py::test_fallback_path_matches_generated_set PASSED
tests/test_typecheck_vocab.py::test_base_words_and_user_words_stay_independent PASSED
tests/test_undo.py::TestSnapshotApplyRoundtrip::test_snapshot_basic PASSED
tests/test_undo.py::TestSnapshotApplyRoundtrip::test_snapshot_deep_copies PASSED
tests/test_undo.py::TestSnapshotApplyRoundtrip::test_snapshot_categories_deep_copies PASSED
tests/test_undo.py::TestSnapshotApplyRoundtrip::test_harness_tracks_production_copy_helper PASSED
tests/test_undo.py::TestSnapshotApplyRoundtrip::test_apply_restores_presets PASSED
tests/test_undo.py::TestSnapshotApplyRoundtrip::test_apply_restores_categories PASSED
tests/test_undo.py::TestSnapshotApplyRoundtrip::test_apply_restores_archive PASSED
tests/test_undo.py::TestSnapshotApplyRoundtrip::test_apply_syncs_backing_stores PASSED
tests/test_undo.py::TestSnapshotApplyRoundtrip::test_empty_snapshot_roundtrip PASSED
tests/test_undo.py::TestUndoRedoStack::test_single_undo_roundtrip PASSED
tests/test_undo.py::TestUndoRedoStack::test_redo_restores PASSED
tests/test_undo.py::TestUndoRedoStack::test_new_action_clears_redo PASSED
tests/test_undo.py::TestUndoRedoStack::test_rename_after_snapshot_undo_redo PASSED
tests/test_undo.py::TestUndoRedoStack::test_multiple_undo_sequential PASSED
tests/test_undo.py::TestUndoRedoStack::test_redo_three_times PASSED
tests/test_undo.py::TestUndoRedoStack::test_undo_when_empty_does_nothing PASSED
tests/test_undo.py::TestUndoRedoStack::test_redo_when_empty_does_nothing PASSED
tests/test_undo.py::TestUndoRedoStack::test_stack_max_size_50 PASSED
tests/test_undo.py::TestUndoRedoStack::test_stack_max_applied PASSED
tests/test_undo.py::TestCategoryUndo::test_undo_add_category PASSED
tests/test_undo.py::TestCategoryUndo::test_undo_delete_category PASSED
tests/test_undo.py::TestSiloUndo::test_undo_swap_temp_slots PASSED
tests/test_undo.py::TestSiloUndo::test_undo_move_temp_slot PASSED
tests/test_undo.py::TestSiloUndo::test_undo_clear_silo PASSED
tests/test_undo.py::TestSiloUndo::test_undo_delete_silo PASSED
tests/test_undo.py::TestArchiveUndo::test_undo_archive_silo PASSED
tests/test_undo.py::TestArchiveUndo::test_undo_clear_archive PASSED
tests/test_undo.py::TestArchiveUndo::test_undo_clear_archive_single PASSED
tests/test_undo.py::TestArchiveUndo::test_undo_archive_swap PASSED
tests/test_undo.py::TestCrossCategoryUndo::test_undo_move_preset_to_index PASSED
tests/test_undo.py::TestCrossCategoryUndo::test_undo_move_preset_cross_category PASSED
tests/test_undo.py::TestCrossCategoryUndo::test_undo_move_silo_to_category PASSED
tests/test_undo.py::TestCrossCategoryUndo::test_undo_move_category_to_silo PASSED
tests/test_undo.py::TestActiveSlotPreservation::test_undo_preserves_slot_when_unrelated PASSED
tests/test_undo.py::TestActiveSlotPreservation::test_undo_updates_slot_after_swap PASSED
tests/test_undo.py::TestUndoEdgeCases::test_undo_with_mixed_content PASSED
tests/test_undo.py::TestUndoEdgeCases::test_undo_after_archive_becomes_empty PASSED
tests/test_undo.py::TestUndoEdgeCases::test_undo_active_is_archive_flag PASSED
tests/test_undo.py::TestUndoEdgeCases::test_undo_editing_snippet_state PASSED
tests/test_undo.py::TestUndoEdgeCases::test_deep_undo_same_as_original PASSED
tests/test_undo.py::TestUndoEdgeCases::test_undo_with_100_slots_full PASSED
tests/test_undo_writer_coalescing.py::test_100_dispatches_one_writer_one_coalesced_snapshot PASSED
tests/test_undo_writer_coalescing.py::test_two_profile_paths_both_persist_newest PASSED
18:25:06 [ERROR] fastprompter: Failed to publish undo state to V:\_TEMP_\fastprompter-tests-17556-293rc_cr\pytest-of-vac34\pytest-0\test_earlier_failed_write_stil0\a_undo.json: disk full for A; the previous undo file is untouched
tests/test_undo_writer_coalescing.py::test_earlier_failed_write_still_fails_the_drain PASSED
tests/test_undo_writer_coalescing.py::test_writer_reused_across_batches_without_thread_pileup PASSED
tests/test_undo_writer_coalescing.py::test_drain_without_pending_is_clean PASSED
tests/test_usage_limits.py::TestCanonicalPath::test_lowercases_on_windows PASSED
tests/test_usage_limits.py::TestCanonicalPath::test_empty_returns_empty PASSED
tests/test_usage_limits.py::TestStableId::test_same_path_same_id PASSED
tests/test_usage_limits.py::TestStableId::test_provider_part_of_id PASSED
tests/test_usage_limits.py::TestParseWindows::test_maps_windows_by_duration PASSED
tests/test_usage_limits.py::TestParseWindows::test_missing_bucket_unavailable PASSED
tests/test_usage_limits.py::TestParseWindows::test_empty_input_no_guess PASSED
tests/test_usage_limits.py::TestParseWindows::test_parse_windows_with_banked_resets PASSED
tests/test_usage_limits.py::TestParseWindows::test_parse_windows_counts_available_credits_if_available_count_missing PASSED
tests/test_usage_limits.py::TestParseWindows::test_parse_windows_no_reset_credits PASSED
tests/test_usage_limits.py::TestCodexDiscovery::test_no_home_dir PASSED
tests/test_usage_limits.py::TestCodexDiscovery::test_dedupes_extra_and_default PASSED
tests/test_usage_limits.py::TestCodexDiscovery::test_dedupes_case_insensitive PASSED
tests/test_usage_limits.py::TestCodexDiscovery::test_sibling_homes_picked_up PASSED
tests/test_usage_limits.py::TestService::test_discover_populates_accounts PASSED
tests/test_usage_limits.py::TestService::test_snapshot_marks_stale_on_failure PASSED
tests/test_usage_limits.py::TestService::test_generation_discards_stale_results PASSED
tests/test_usage_limits.py::TestService::test_oversized_account_list_is_accepted PASSED
tests/test_usage_limits.py::TestService::test_first_unavailable_result_is_preserved PASSED
tests/test_usage_limits.py::TestService::test_monotonic_request_id_rejects_out_of_order_sweep PASSED
tests/test_usage_limits.py::TestService::test_probes_run_concurrently_up_to_pool_size PASSED
tests/test_usage_limits.py::TestService::test_shutdown_aborts_queued_probes PASSED
tests/test_usage_limits.py::TestPlanSpecificWindows::test_free_plan_monthly_window_is_kept PASSED
tests/test_usage_limits.py::TestPlanSpecificWindows::test_unknown_duration_gets_generic_key_not_dropped PASSED
tests/test_usage_limits.py::TestPlanSpecificWindows::test_zero_duration_is_ignored PASSED
tests/test_usage_limits.py::TestPlanSpecificWindows::test_windows_from_drops_windows_the_plan_lacks PASSED
tests/test_usage_limits.py::TestPlanSpecificWindows::test_windows_from_keeps_unavailable_when_nothing_readable PASSED
tests/test_usage_limits.py::TestPlanSpecificWindows::test_windows_sorted_shortest_first PASSED
tests/test_usage_limits.py::TestCodexBankedResets::test_codex_probe_attaches_banked_resets_and_metadata PASSED
tests/test_usage_limits.py::TestCodexBankedResets::test_service_stale_preserves_banked_resets PASSED
tests/test_usage_limits.py::TestCodexBankedResets::test_consume_codex_reset_missing_dir PASSED
tests/test_usage_limits.py::TestCodexBankedResets::test_consume_codex_reset_success PASSED
tests/test_usage_limits.py::TestCodexBankedResets::test_codex_provider_and_service_consume_reset PASSED
tests/test_usage_limits.py::TestClaudeSingleAccount::test_one_install_yields_one_account PASSED
tests/test_usage_limits.py::TestClaudeSingleAccount::test_secondary_paths_are_metadata_not_accounts PASSED
tests/test_usage_limits.py::TestClaudeStatuslineBridge::test_sanitizes_only_rate_limit_fields PASSED
tests/test_usage_limits.py::TestClaudeStatuslineBridge::test_install_disconnect_restores_existing_statusline PASSED
tests/test_usage_limits.py::TestClaudeStatuslineBridge::test_provider_reads_five_hour_and_seven_day_cache PASSED
tests/test_usage_limits.py::TestClaudeStatuslineBridge::test_provider_reports_waiting_without_cache PASSED
tests/test_usage_limits.py::TestClaudeStatuslineBridge::test_real_launcher_bridge_mode_writes_cache_without_qt PASSED
tests/test_usage_limits.py::TestClaudeDesktopSampler::test_reads_the_newest_sample_only PASSED
tests/test_usage_limits.py::TestClaudeDesktopSampler::test_an_old_sample_is_returned_but_not_fresh PASSED
tests/test_usage_limits.py::TestClaudeDesktopSampler::test_garbage_never_becomes_a_percentage PASSED
tests/test_usage_limits.py::TestClaudeDesktopSampler::test_percentages_are_clamped_not_rejected PASSED
tests/test_usage_limits.py::TestClaudeDesktopSampler::test_provider_uses_the_sampler_when_the_bridge_is_silent PASSED
tests/test_usage_limits.py::TestClaudeDesktopSampler::test_the_freshest_source_wins_over_a_stale_bridge_cache PASSED
tests/test_usage_limits.py::TestClaudeTranscriptRefusals::test_a_future_refusal_blocks_its_window PASSED
tests/test_usage_limits.py::TestClaudeTranscriptRefusals::test_a_transcript_older_than_a_week_is_ignored PASSED
tests/test_usage_limits.py::TestClaudeTranscriptRefusals::test_a_passed_reset_is_no_longer_a_block PASSED
tests/test_usage_limits.py::TestClaudeTranscriptRefusals::test_an_allowed_request_is_not_a_block PASSED
tests/test_usage_limits.py::TestClaudeTranscriptRefusals::test_seven_day_maps_to_the_weekly_window PASSED
tests/test_usage_limits.py::TestClaudeTranscriptRefusals::test_a_refusal_overrides_a_healthy_percentage PASSED
tests/test_usage_limits.py::TestClaudeTranscriptRefusals::test_a_transcript_only_refusal_still_renders_a_window PASSED
tests/test_usage_limits.py::TestClaudeTranscriptRefusals::test_every_source_silent_stays_honest PASSED
tests/test_usage_limits.py::TestLimitNotifications::test_fires_once_per_reset_window PASSED
tests/test_usage_limits.py::TestLimitNotifications::test_rearms_after_recovery_and_new_reset PASSED
tests/test_usage_limits.py::TestLimitNotifications::test_stale_snapshot_never_fires_or_forgets_suppression PASSED
tests/test_usage_limits.py::TestLimitNotifications::test_reset_alert_needs_an_observed_cycle_transition PASSED
tests/test_usage_limits.py::TestLimitNotifications::test_idle_window_with_drifting_reset_never_repeats PASSED
tests/test_usage_limits.py::TestLimitNotifications::test_gradual_recovery_emits_exactly_one_reset_alert PASSED
tests/test_usage_limits.py::TestLimitNotifications::test_gated_short_window_neither_alerts_nor_shows_quota PASSED
tests/test_usage_limits.py::TestLimitNotifications::test_a_free_plan_single_window_is_never_self_gated PASSED
tests/test_usage_limits.py::TestLimitNotifications::test_healthy_windows_are_untouched PASSED
tests/test_usage_limits.py::TestElapsedResetsAwaitConfirmation::test_a_passed_reset_becomes_unknown PASSED
tests/test_usage_limits.py::TestElapsedResetsAwaitConfirmation::test_a_future_reset_is_left_exactly_alone PASSED
tests/test_usage_limits.py::TestElapsedResetsAwaitConfirmation::test_a_window_with_no_reset_time_is_never_assumed PASSED
tests/test_usage_limits.py::TestElapsedResetsAwaitConfirmation::test_an_unavailable_window_stays_unavailable PASSED
tests/test_usage_limits.py::TestElapsedResetsAwaitConfirmation::test_a_weekly_reset_lifts_the_gate_it_was_holding PASSED
tests/test_usage_limits.py::TestElapsedResetsAwaitConfirmation::test_a_live_weekly_still_gates_a_reset_short_window PASSED
tests/test_usage_limits.py::TestElapsedResetsAwaitConfirmation::test_resolved_windows_is_reset_then_gate PASSED
tests/test_usage_limits.py::TestElapsedResetsAwaitConfirmation::test_the_notifier_sees_the_refill_as_a_recovery PASSED
tests/test_usage_limits.py::TestElapsedResetsAwaitConfirmation::test_initial_poll_suppresses_reset_alert_between_sessions PASSED
tests/test_usage_limits.py::TestVendorResetColors::test_claude_is_orangish PASSED
tests/test_usage_limits.py::TestVendorResetColors::test_codex_is_bluish PASSED
tests/test_usage_limits.py::TestVendorResetColors::test_unknown_vendor_returns_none PASSED
tests/test_usage_limits.py::TestSoonestReset::test_picks_earliest_epoch_and_its_vendor PASSED
tests/test_usage_limits.py::TestSoonestReset::test_gated_window_is_skipped PASSED
tests/test_usage_limits.py::TestSoonestReset::test_hidden_account_is_skipped PASSED
tests/test_usage_limits.py::TestSoonestReset::test_empty_map_returns_none PASSED
tests/test_usage_limits_antigravity.py::TestBrainRefusalParsing::test_a_refusal_becomes_a_reset_epoch PASSED
tests/test_usage_limits_antigravity.py::TestBrainRefusalParsing::test_nine_digit_fractional_timestamp_is_read PASSED
tests/test_usage_limits_antigravity.py::TestBrainRefusalParsing::test_a_per_model_hiccup_is_not_a_quota_window PASSED
tests/test_usage_limits_antigravity.py::TestBrainRefusalParsing::test_a_live_block_beats_a_newer_expired_one PASSED
tests/test_usage_limits_antigravity.py::TestBrainRefusalParsing::test_a_conversation_older_than_a_week_is_ignored PASSED
tests/test_usage_limits_antigravity.py::TestBrainRefusalParsing::test_unreadable_and_missing_paths_are_silent PASSED
tests/test_usage_limits_antigravity.py::TestBrainRefusalParsing::test_the_scan_is_cached_by_directory_stat PASSED
tests/test_usage_limits_antigravity.py::TestAntigravityCliPayload::test_every_pool_and_window_survives PASSED
tests/test_usage_limits_antigravity.py::TestAntigravityCliPayload::test_a_disabled_bucket_is_kept_at_zero_not_dropped PASSED
tests/test_usage_limits_antigravity.py::TestAntigravityCliPayload::test_fractions_become_percentages PASSED
tests/test_usage_limits_antigravity.py::TestAntigravityCliPayload::test_iso_reset_becomes_an_epoch PASSED
tests/test_usage_limits_antigravity.py::TestAntigravityCliPayload::test_garbage_yields_no_window PASSED
tests/test_usage_limits_antigravity.py::TestAntigravityDisabledWindowIsBlockedNotFree::test_the_five_hour_window_renders_and_says_what_blocks_it PASSED
tests/test_usage_limits_antigravity.py::TestAntigravityDisabledWindowIsBlockedNotFree::test_it_never_alerts_on_its_own PASSED
tests/test_usage_limits_antigravity.py::TestAntigravityCliSnapshot::test_pools_become_distinctly_keyed_windows PASSED
tests/test_usage_limits_antigravity.py::TestAntigravityCliSnapshot::test_a_spent_pool_never_gates_another_pool PASSED
tests/test_usage_limits_antigravity.py::TestAntigravityCliSnapshot::test_a_spent_weekly_still_gates_its_own_pool PASSED
tests/test_usage_limits_antigravity.py::TestAntigravityCliSnapshot::test_a_silent_cli_falls_back_to_the_journal PASSED
tests/test_usage_limits_antigravity.py::TestAntigravityJournalFallback::test_discovery_needs_a_real_directory PASSED
tests/test_usage_limits_antigravity.py::TestAntigravityJournalFallback::test_one_install_yields_one_account PASSED
tests/test_usage_limits_antigravity.py::TestAntigravityJournalFallback::test_an_active_refusal_reads_as_a_spent_window PASSED
tests/test_usage_limits_antigravity.py::TestAntigravityJournalFallback::test_no_refusal_is_unknown_not_free PASSED
tests/test_usage_limits_antigravity.py::TestAntigravityJournalFallback::test_a_long_expired_block_stops_being_reported PASSED
tests/test_usage_limits_antigravity.py::TestAntigravityJournalFallback::test_a_just_elapsed_block_is_still_reported_so_the_reset_can_fire PASSED
tests/test_usage_limits_antigravity.py::TestAntigravityJournalFallback::test_an_expired_deadline_never_touches_the_disk PASSED
tests/test_usage_limits_antigravity.py::TestAntigravityRegistration::test_the_service_registers_the_provider PASSED
tests/test_usage_limits_antigravity.py::TestAntigravityRegistration::test_the_vendor_has_its_own_reset_colour PASSED
tests/test_usage_limits_antigravity.py::TestAntigravitySourceStatus::test_reports_a_live_block PASSED
tests/test_usage_limits_antigravity.py::TestAntigravitySourceStatus::test_reports_a_missing_install_without_raising PASSED
tests/test_usage_limits_antigravity.py::TestQuietProvidersAreNotFailures::test_expected_quiet_codes_are_declared PASSED
tests/test_usage_limits_cli.py::TestResolveBinary::test_path_wins PASSED
tests/test_usage_limits_cli.py::TestResolveBinary::test_the_installers_own_directory_is_the_fallback PASSED
tests/test_usage_limits_cli.py::TestResolveBinary::test_absent_everywhere_is_empty PASSED
tests/test_usage_limits_cli.py::TestResolveBinary::test_every_installer_entry_is_complete PASSED
tests/test_usage_limits_cli.py::TestRunCli::test_captures_stdout PASSED
tests/test_usage_limits_cli.py::TestRunCli::test_a_nonzero_exit_reports_the_first_stderr_line PASSED
tests/test_usage_limits_cli.py::TestRunCli::test_an_expired_deadline_never_spawns PASSED
tests/test_usage_limits_cli.py::TestRunCli::test_a_hung_child_is_killed_at_the_deadline PASSED
tests/test_usage_limits_cli.py::TestRunCli::test_a_missing_executable_is_reported_not_raised PASSED
tests/test_usage_limits_cli.py::TestRunCli::test_no_shell_is_used PASSED
tests/test_usage_limits_cli.py::TestClaudeUsageParser::test_reads_both_windows_with_their_resets PASSED
tests/test_usage_limits_cli.py::TestClaudeUsageParser::test_the_reset_is_parsed_as_local_time PASSED
tests/test_usage_limits_cli.py::TestClaudeUsageParser::test_a_bare_hour_has_no_minutes PASSED
tests/test_usage_limits_cli.py::TestClaudeUsageParser::test_an_explicit_year_is_honoured PASSED
tests/test_usage_limits_cli.py::TestClaudeUsageParser::test_a_per_model_weekly_keeps_its_own_identity PASSED
tests/test_usage_limits_cli.py::TestClaudeUsageParser::test_a_spend_limit_is_recognised PASSED
tests/test_usage_limits_cli.py::TestClaudeUsageParser::test_prose_and_percentages_that_are_not_limits_are_ignored PASSED
tests/test_usage_limits_cli.py::TestClaudeUsageParser::test_garbage_never_becomes_a_reset PASSED
tests/test_usage_limits_cli.py::TestClaudeUsageParser::test_a_window_without_a_reset_still_reports_its_percentage PASSED
tests/test_usage_limits_cli.py::TestClaudeCliReader::test_reads_the_live_answer_and_cleans_up_after_itself PASSED
tests/test_usage_limits_cli.py::TestClaudeCliReader::test_a_missing_cli_is_reported_not_raised PASSED
tests/test_usage_limits_cli.py::TestClaudeCliReader::test_non_json_output_is_refused PASSED
tests/test_usage_limits_cli.py::TestClaudeCliReader::test_an_api_key_account_without_plan_limits_is_not_an_error_state PASSED
tests/test_usage_limits_cli.py::TestClaudeCliReader::test_the_probe_directory_is_one_fixed_place PASSED
tests/test_usage_limits_cli.py::TestAntigravityCliReader::test_a_failed_status_is_refused PASSED
tests/test_usage_limits_cli.py::TestAntigravityCliReader::test_a_missing_cli_is_reported_not_raised PASSED
tests/test_usage_limits_cli.py::TestAntigravityCliReader::test_non_json_output_is_refused PASSED
tests/test_usage_limits_cli.py::TestAntigravityCliReader::test_unauthenticated_cli_is_not_run PASSED
tests/test_usage_limits_cli.py::TestAntigravityCliReader::test_is_authenticated_mocked PASSED
tests/test_usage_limits_cli.py::TestQuotaReadsAreFree::test_claude_is_asked_in_print_mode_with_no_prompt_of_our_own PASSED
tests/test_usage_limits_cli.py::TestQuotaReadsAreFree::test_antigravity_is_asked_for_structured_output PASSED
tests/test_usage_limits_cli.py::TestInstallLaunching::test_launch_refuses_an_unknown_tool PASSED
tests/test_usage_limits_cli.py::TestInstallLaunching::test_launch_passes_the_published_command_verbatim PASSED
tests/test_usage_limits_colors.py::TestLimitColors::test_an_untouched_role_follows_the_theme PASSED
tests/test_usage_limits_colors.py::TestLimitColors::test_an_override_beats_the_theme PASSED
tests/test_usage_limits_colors.py::TestLimitColors::test_a_role_with_no_theme_counterpart_uses_its_default PASSED
tests/test_usage_limits_colors.py::TestLimitColors::test_a_garbage_override_is_ignored_not_painted PASSED
tests/test_usage_limits_colors.py::TestLimitColors::test_a_string_profile_value_does_not_crash_the_palette PASSED
tests/test_usage_limits_colors.py::TestLimitColors::test_every_role_resolves_to_a_valid_colour PASSED
tests/test_usage_limits_colors.py::TestLimitColors::test_the_gauge_and_the_bars_read_the_same_palette PASSED
tests/test_usage_limits_colors.py::TestLimitColors::test_vendor_countdown_colours_are_overridable PASSED
tests/test_usage_limits_colors.py::TestLimitColors::test_the_model_keeps_defaults_for_every_offered_vendor PASSED
tests/test_usage_limits_colors.py::TestSoonestReset::test_a_nearer_five_hour_beats_a_distant_weekly PASSED
tests/test_usage_limits_colors.py::TestSoonestReset::test_a_gated_window_is_skipped PASSED
tests/test_usage_limits_colors.py::TestSoonestReset::test_a_window_in_another_pool_is_a_real_candidate PASSED
tests/test_usage_limits_colors.py::TestSoonestReset::test_a_hidden_account_never_wins PASSED
tests/test_usage_limits_colors.py::TestSoonestReset::test_windows_without_a_reset_time_are_not_candidates PASSED
tests/test_usage_limits_colors.py::TestSoonestReset::test_no_snapshots_means_no_countdown PASSED
tests/test_usage_limits_discovery.py::TestPeriodicRediscovery::test_ui_start_discovery_never_blocks_caller PASSED
tests/test_usage_limits_discovery.py::TestPeriodicRediscovery::test_a_new_account_appears_without_a_restart PASSED
tests/test_usage_limits_discovery.py::TestPeriodicRediscovery::test_it_does_not_rescan_on_every_sweep PASSED
tests/test_usage_limits_discovery.py::TestPeriodicRediscovery::test_rediscovery_keeps_known_readings PASSED
tests/test_usage_limits_discovery.py::TestPeriodicRediscovery::test_a_closed_service_never_rescans PASSED
tests/test_usage_limits_discovery.py::TestPeriodicRediscovery::test_it_notifies_only_when_the_roster_actually_changed PASSED
tests/test_usage_limits_discovery.py::TestBridgeStaleness::test_a_command_from_another_install_is_flagged_stale PASSED
tests/test_usage_limits_discovery.py::TestBridgeStaleness::test_the_current_command_is_not_stale PASSED
tests/test_usage_limits_discovery.py::TestBridgeStaleness::test_case_alone_is_not_staleness PASSED
tests/test_usage_limits_discovery.py::TestBridgeStaleness::test_an_unconnected_bridge_is_not_stale PASSED
tests/test_usage_limits_discovery.py::TestBridgeStaleness::test_reinstalling_over_a_stale_bridge_keeps_the_users_backup PASSED
tests/test_usage_limits_gauge_layout.py::TestNoTrailingGap::test_a_mixed_roster_leaves_no_dead_strip PASSED
tests/test_usage_limits_gauge_layout.py::TestNoTrailingGap::test_uniform_accounts_leave_no_dead_strip PASSED
tests/test_usage_limits_gauge_layout.py::TestNoTrailingGap::test_a_single_account_leaves_no_dead_strip PASSED
tests/test_usage_limits_gauge_layout.py::TestNoTrailingGap::test_width_only_covers_the_marks_each_account_draws PASSED
tests/test_usage_limits_gauge_layout.py::TestClustersAlwaysFitTheirOwnWidget::test_no_overflow_marker_at_the_widgets_own_width[roster0] PASSED
tests/test_usage_limits_gauge_layout.py::TestClustersAlwaysFitTheirOwnWidget::test_no_overflow_marker_at_the_widgets_own_width[roster1] PASSED
tests/test_usage_limits_gauge_layout.py::TestClustersAlwaysFitTheirOwnWidget::test_no_overflow_marker_at_the_widgets_own_width[roster2] PASSED
tests/test_usage_limits_gauge_layout.py::TestClustersAlwaysFitTheirOwnWidget::test_no_overflow_marker_at_the_widgets_own_width[roster3] PASSED
tests/test_usage_limits_gauge_layout.py::TestClustersAlwaysFitTheirOwnWidget::test_a_genuinely_narrow_budget_still_overflows PASSED
tests/test_usage_limits_gauge_layout.py::TestIdenticalAccountsRenderIdentically::test_two_exhausted_codex_accounts_get_the_same_footprint PASSED
tests/test_usage_limits_gauge_layout.py::TestIdenticalAccountsRenderIdentically::test_an_int_zero_and_a_float_zero_are_the_same_reading PASSED
tests/test_usage_limits_gauge_layout.py::TestStackedStyle::test_one_column_costs_the_same_width_whatever_the_window_count PASSED
tests/test_usage_limits_gauge_layout.py::TestStackedStyle::test_stacking_is_narrower_than_bars_for_a_wide_account PASSED
tests/test_usage_limits_gauge_layout.py::TestStackedStyle::test_rows_always_fit_the_mark_area[10] PASSED
tests/test_usage_limits_gauge_layout.py::TestStackedStyle::test_rows_always_fit_the_mark_area[12] PASSED
tests/test_usage_limits_gauge_layout.py::TestStackedStyle::test_rows_always_fit_the_mark_area[16] PASSED
tests/test_usage_limits_gauge_layout.py::TestStackedStyle::test_rows_always_fit_the_mark_area[22] PASSED
tests/test_usage_limits_gauge_layout.py::TestStackedStyle::test_rows_always_fit_the_mark_area[30] PASSED
tests/test_usage_limits_gauge_layout.py::TestStackedStyle::test_the_widget_still_sizes_itself_to_its_own_clusters PASSED
tests/test_usage_limits_gauge_layout.py::TestStackedStyle::test_a_single_window_sits_on_the_bottom_row PASSED
tests/test_usage_limits_gauge_layout.py::TestStackedStyle::test_paintEvent_renders_every_window_of_every_roster PASSED
tests/test_usage_limits_gauge_layout.py::TestStackedStyle::test_ink_advance_matches_paintEvent_in_stack_mode PASSED
tests/test_usage_limits_gauge_layout.py::TestVendorTint::test_two_vendors_at_the_same_quota_differ PASSED
tests/test_usage_limits_gauge_layout.py::TestVendorTint::test_the_tint_stays_closer_to_the_quota_colour_than_to_the_vendor PASSED
tests/test_usage_limits_gauge_layout.py::TestVendorTint::test_tint_off_paints_the_plain_quota_colour PASSED
tests/test_usage_limits_gauge_layout.py::TestVendorTint::test_quota_thresholds_survive_the_tint PASSED
tests/test_usage_limits_gauge_layout.py::TestLimitGaugeRichTooltip::test_tooltip_renders_rich_html_with_bars_and_colors PASSED
This plugin does not support raise()
tests/test_usage_limits_gauge_layout.py::TestLimitGaugeRichTooltip::test_tooltip_hover_rebuilds_elapsed_reset_without_sync_probe PASSED
tests/test_usage_limits_gauge_layout.py::TestLimitGaugeRichTooltip::test_tooltip_never_calls_a_future_reset_zero_minutes PASSED
tests/test_usage_limits_gauge_layout.py::TestTooltipNameClearsTheBars::test_long_name_clears_the_first_bar_row PASSED
tests/test_usage_limits_gauge_layout.py::TestCodexBankedResetsTooltip::test_tooltip_shows_banked_resets_badge_and_footnote PASSED
tests/test_usage_limits_gauge_layout.py::TestCodexBankedResetsTooltip::test_tooltip_shows_plural_banked_resets PASSED
tests/test_usage_limits_gauge_layout.py::TestCodexBankedResetsTooltip::test_context_menu_has_activate_reset_action PASSED
tests/test_usage_limits_gauge_layout.py::TestCodexBankedResetsTooltip::test_tooltip_titles_colored_with_vendor_colors PASSED
tests/test_usage_limits_hide_zero.py::test_account_has_usage_truth_table PASSED
tests/test_usage_limits_hide_zero.py::test_limit_gauges_hide_zero_usage_filtering PASSED
tests/test_usage_limits_hide_zero.py::test_limit_overview_hide_zero_usage_filtering PASSED
tests/test_usage_limits_hide_zero.py::test_limit_settings_dialog_toggle_sync PASSED
tests/test_usage_limits_hide_zero.py::test_soonest_reset_excludes_zero_usage PASSED
tests/test_usage_limits_hide_zero.py::test_depleted_0pct_left_accounts_hidden PASSED
tests/test_usage_limits_hide_zero.py::test_limit_settings_dialog_syncs_with_topbar_result_ready PASSED
tests/test_usage_limits_hide_zero.py::test_account_usable_now_truth_table PASSED
tests/test_usage_limits_hide_zero.py::test_display_windows_drops_dead_pools PASSED
tests/test_usage_limits_hide_zero.py::test_limit_gauges_hide_unusable_5h_filtering PASSED
tests/test_usage_limits_hide_zero.py::test_limit_overview_hide_unusable_filtering PASSED
tests/test_usage_limits_hide_zero.py::test_gauge_cluster_drops_dead_pool_windows PASSED
tests/test_usage_limits_hide_zero.py::test_limit_overview_hides_dead_antigravity_pool_rows PASSED
tests/test_usage_limits_hide_zero.py::test_limit_settings_dialog_toggle_sync_unusable PASSED
tests/test_usage_limits_hide_zero.py::test_soonest_reset_excludes_unusable_5h PASSED
tests/test_usage_limits_hide_zero.py::test_hidden_accounts_with_banked_resets_are_announced PASSED
This plugin does not support raise()
This plugin does not support raise()
tests/test_usage_limits_notifications_flood.py::TestToastCustomization::test_toast_accepts_custom_duration_color_and_symbol PASSED
This plugin does not support raise()
This plugin does not support raise()
tests/test_usage_limits_notifications_flood.py::TestToastCustomization::test_toast_zero_duration_stays_until_dismissed PASSED
tests/test_usage_limits_notifications_flood.py::TestLimitSettingsDialogAppearanceControls::test_appearance_controls_rendered PASSED
tests/test_usage_limits_notifications_flood.py::TestLimitSettingsDialogAppearanceControls::test_color_change_persists_to_data PASSED
tests/test_usage_limits_notifications_flood.py::TestLimitSettingsDialogAppearanceControls::test_duration_change_persists_to_data PASSED
tests/test_usage_limits_notifications_flood.py::TestLimitSettingsDialogAppearanceControls::test_symbol_change_persists_to_data PASSED
tests/test_usage_limits_notifications_flood.py::TestLimitSettingsDialogAppearanceControls::test_test_popup_invokes_show_limit_popup_with_custom_settings PASSED
tests/test_usage_limits_notifications_flood.py::TestFloodProtection::test_show_limit_popup_reads_profile_defaults PASSED
tests/test_usage_limits_notifications_flood.py::TestFloodProtection::test_single_alert_shows_individual_popup PASSED
tests/test_usage_limits_notifications_flood.py::TestFloodProtection::test_single_sound_and_coalesced_toast_when_multiple_alerts_fire PASSED
This plugin does not support raise()
This plugin does not support raise()
tests/test_usage_limits_notifications_flood.py::TestToastClickableDuringModalDialog::test_toast_clickable_when_generic_modal_dialog_open PASSED
This plugin does not support raise()
This plugin does not support raise()
tests/test_usage_limits_notifications_flood.py::TestToastClickableDuringModalDialog::test_toast_clickable_when_limit_settings_dialog_open PASSED
tests/test_usage_limits_shutdown.py::test_shutdown_cancels_probes_that_never_started PASSED
tests/test_usage_limits_shutdown.py::test_shutdown_terminates_a_running_codex_child_and_its_reader PASSED
tests/test_usage_limits_shutdown.py::test_terminating_an_already_dead_child_is_safe PASSED
tests/test_usage_limits_shutdown.py::test_shutdown_returns_inside_its_bound_with_a_wedged_probe PASSED
tests/test_usage_limits_shutdown.py::test_repeated_shutdown_is_idempotent PASSED
tests/test_usage_limits_shutdown.py::test_no_probe_is_accepted_after_shutdown PASSED
tests/test_usage_limits_shutdown.py::test_shutdown_leaves_no_service_worker_threads_alive PASSED
tests/test_usage_limits_shutdown.py::test_fire_after_widget_deletion_cannot_touch_the_dead_widget PASSED
tests/test_usage_limits_tooltip_compact.py::test_tooltip_fits_compact_width_with_banked_reset PASSED
tests/test_usage_limits_troubleshooter.py::TestCliToolsLogin::test_launch_login_antigravity_spawns_console PASSED
tests/test_usage_limits_troubleshooter.py::TestCliToolsLogin::test_launch_login_missing_binary_raises PASSED
tests/test_usage_limits_troubleshooter.py::TestCliToolsLogin::test_launch_login_spawns_console PASSED
tests/test_usage_limits_troubleshooter.py::TestCliToolsLogin::test_login_subcommands_defined PASSED
tests/test_usage_limits_troubleshooter.py::TestCodexSourceStatus::test_codex_source_status_no_auth PASSED
tests/test_usage_limits_troubleshooter.py::TestCodexSourceStatus::test_codex_source_status_with_auth PASSED
tests/test_usage_limits_troubleshooter.py::TestCandidatePaths::test_antigravity_candidate_dirs PASSED
tests/test_usage_limits_troubleshooter.py::TestCandidatePaths::test_zcode_candidate_configs PASSED
tests/test_usage_limits_troubleshooter.py::TestTroubleshooterDiagnosis::test_diagnose_all PASSED
tests/test_usage_limits_troubleshooter.py::TestTroubleshooterDiagnosis::test_diagnose_antigravity_needs_login PASSED
tests/test_usage_limits_troubleshooter.py::TestTroubleshooterDiagnosis::test_diagnose_claude_stale_bridge PASSED
tests/test_usage_limits_troubleshooter.py::TestTroubleshooterDiagnosis::test_diagnose_codex_needs_install PASSED
tests/test_usage_limits_troubleshooter.py::TestTroubleshooterDiagnosis::test_diagnose_codex_needs_login PASSED
tests/test_usage_limits_troubleshooter.py::TestTroubleshooterDiagnosis::test_diagnose_zcode_disabled_with_plans PASSED
tests/test_usage_limits_troubleshooter.py::TestTroubleshooterAutoHeal::test_auto_heal_enables_zcode_and_gauges PASSED
tests/test_usage_limits_troubleshooter.py::TestTroubleshooterAutoHeal::test_auto_heal_repairs_stale_claude_bridge PASSED
tests/test_usage_limits_troubleshooter.py::TestLimitSettingsDialogTroubleshootingUI::test_onboarding_card_hidden_when_accounts_exist PASSED
tests/test_usage_limits_troubleshooter.py::TestLimitSettingsDialogTroubleshootingUI::test_onboarding_card_shown_when_no_accounts PASSED
tests/test_usage_limits_troubleshooter.py::TestLimitSettingsDialogTroubleshootingUI::test_run_auto_troubleshoot_triggers_healing PASSED
tests/test_usage_limits_troubleshooter.py::TestLimitSettingsDialogTroubleshootingUI::test_sources_tab_has_troubleshoot_and_login_buttons PASSED
tests/test_usage_limits_zcode.py::TestWindowMapping::test_unit_selects_the_window_it_is_not_a_size PASSED
tests/test_usage_limits_zcode.py::TestWindowMapping::test_remaining_is_derived_from_the_meter_not_the_percentage_field PASSED
tests/test_usage_limits_zcode.py::TestWindowMapping::test_the_start_plan_shape_is_read_the_same_way PASSED
tests/test_usage_limits_zcode.py::TestWindowMapping::test_reset_milliseconds_become_epoch_seconds PASSED
tests/test_usage_limits_zcode.py::TestWindowMapping::test_the_monthly_tool_bucket_is_its_own_window PASSED
tests/test_usage_limits_zcode.py::TestWindowMapping::test_an_unknown_bucket_is_dropped_not_guessed PASSED
tests/test_usage_limits_zcode.py::TestWindowMapping::test_a_bucket_that_cannot_state_both_halves_is_dropped PASSED
tests/test_usage_limits_zcode.py::TestWindowMapping::test_garbage_payloads_are_silent PASSED
tests/test_usage_limits_zcode.py::TestEndpointAllowList::test_a_vendor_host_resolves_to_the_monitor_path PASSED
tests/test_usage_limits_zcode.py::TestEndpointAllowList::test_a_missing_base_url_falls_back_to_the_vendor_default PASSED
tests/test_usage_limits_zcode.py::TestEndpointAllowList::test_a_foreign_host_is_refused PASSED
tests/test_usage_limits_zcode.py::TestEndpointAllowList::test_the_probe_refuses_a_foreign_host_before_requesting PASSED
tests/test_usage_limits_zcode.py::TestEndpointAllowList::test_no_env_var_can_move_the_endpoint PASSED
tests/test_usage_limits_zcode.py::TestTheRequestItself::test_a_success_envelope_becomes_windows PASSED
tests/test_usage_limits_zcode.py::TestTheRequestItself::test_a_missing_key_is_refused_before_requesting PASSED
tests/test_usage_limits_zcode.py::TestTheRequestItself::test_an_expired_deadline_is_refused_before_requesting PASSED
tests/test_usage_limits_zcode.py::TestTheRequestItself::test_http_401_is_an_auth_failure_and_carries_no_key PASSED
tests/test_usage_limits_zcode.py::TestTheRequestItself::test_http_500_is_a_transport_error_not_an_auth_one PASSED
tests/test_usage_limits_zcode.py::TestTheRequestItself::test_an_unreachable_host_is_reported_by_type_only PASSED
tests/test_usage_limits_zcode.py::TestTheRequestItself::test_a_vendor_refusal_keeps_the_vendor_message PASSED
tests/test_usage_limits_zcode.py::TestTheRequestItself::test_the_vendors_no_plan_message_is_classified PASSED
tests/test_usage_limits_zcode.py::TestTheRequestItself::test_an_empty_limit_list_is_no_limits PASSED
tests/test_usage_limits_zcode.py::TestTheRequestItself::test_a_non_object_body_is_a_bad_response PASSED
tests/test_usage_limits_zcode.py::TestConfigReading::test_a_plan_with_a_key_is_offered PASSED
tests/test_usage_limits_zcode.py::TestConfigReading::test_an_entry_zcode_itself_disabled_is_skipped PASSED
tests/test_usage_limits_zcode.py::TestConfigReading::test_a_keyless_entry_is_skipped PASSED
tests/test_usage_limits_zcode.py::TestConfigReading::test_a_plain_api_key_provider_is_not_a_plan PASSED
tests/test_usage_limits_zcode.py::TestConfigReading::test_a_missing_or_broken_config_is_silent PASSED
tests/test_usage_limits_zcode.py::TestOptIn::test_disabled_discovers_nothing PASSED
tests/test_usage_limits_zcode.py::TestOptIn::test_the_shipped_default_is_off PASSED
tests/test_usage_limits_zcode.py::TestOptIn::test_the_service_builds_the_provider_opted_out_by_default PASSED
tests/test_usage_limits_zcode.py::TestOptIn::test_a_disabled_probe_never_calls_the_reader PASSED
tests/test_usage_limits_zcode.py::TestProbe::test_two_windows_land_in_one_pool PASSED
tests/test_usage_limits_zcode.py::TestProbe::test_a_spent_weekly_gates_the_five_hour_window PASSED
tests/test_usage_limits_zcode.py::TestProbe::test_used_and_remaining_always_agree PASSED
tests/test_usage_limits_zcode.py::TestProbe::test_no_plan_is_quiet_not_an_error PASSED
tests/test_usage_limits_zcode.py::TestProbe::test_a_network_failure_never_invents_a_number PASSED
tests/test_usage_limits_zcode.py::TestProbe::test_an_expired_deadline_is_refused_before_the_reader PASSED
tests/test_usage_limits_zcode.py::TestProbe::test_a_plan_removed_from_the_config_stops_being_probed PASSED
tests/test_usage_limits_zcode.py::TestIdentity::test_two_plans_are_two_accounts PASSED
tests/test_usage_limits_zcode.py::TestIdentity::test_identity_survives_a_re_read PASSED
tests/test_usage_limits_zcode.py::TestIdentity::test_the_header_badge_and_reset_colour_exist PASSED
tests/test_usage_limits_zcode.py::TestIdentity::test_the_colour_role_matches_the_model_default PASSED
tests/test_usage_limits_zcode.py::TestTheKeyNeverLeaves::test_the_account_carries_no_key PASSED
tests/test_usage_limits_zcode.py::TestTheKeyNeverLeaves::test_the_snapshot_carries_no_key PASSED
tests/test_usage_limits_zcode.py::TestTheKeyNeverLeaves::test_an_error_summary_carries_no_key PASSED
tests/test_usage_limits_zcode.py::TestTheKeyNeverLeaves::test_the_settings_status_reports_presence_not_the_key PASSED
tests/test_usage_limits_zcode.py::TestTheKeyNeverLeaves::test_the_settings_status_flags_a_refused_endpoint PASSED
tests/test_usage_limits_zcode.py::TestTheKeyNeverLeaves::test_a_missing_config_is_reported_not_raised PASSED
tests/test_usage_limits_zcode.py::TestServiceIntegration::test_enabling_it_registers_accounts_through_the_service PASSED
tests/test_usage_limits_zcode.py::TestServiceIntegration::test_turning_it_off_drops_the_account_again PASSED
tests/test_usage_limits_zcode.py::TestServiceIntegration::test_the_window_labels_render PASSED
tests/test_user_regressions_20260905.py::test_invalid_quota_is_unknown[inf] PASSED
tests/test_user_regressions_20260905.py::test_invalid_quota_is_unknown[-inf] PASSED
tests/test_user_regressions_20260905.py::test_invalid_quota_is_unknown[nan] PASSED
tests/test_user_regressions_20260905.py::test_invalid_quota_is_unknown[-0.1] PASSED
tests/test_user_regressions_20260905.py::test_invalid_quota_is_unknown[1.1] PASSED
tests/test_user_regressions_20260905.py::test_invalid_quota_is_unknown[True] PASSED
tests/test_user_regressions_20260905.py::test_malformed_quota_never_raises[True] PASSED
tests/test_user_regressions_20260905.py::test_malformed_quota_never_raises[42] PASSED
tests/test_user_regressions_20260905.py::test_malformed_quota_never_raises[usage] PASSED
tests/test_user_regressions_20260905.py::test_malformed_quota_never_raises[command3] PASSED
tests/test_user_regressions_20260905.py::test_background_probe_disables_browser_even_with_saved_auth PASSED
tests/test_user_regressions_20260905.py::test_expired_snapshot_cannot_claim_full_quota PASSED
tests/test_user_regressions_20260905.py::test_spent_five_hour_pool_is_hidden_despite_weekly_reserve PASSED
tests/test_user_regressions_20260905.py::test_explorer_image_pastes_as_chip_without_dialog PASSED
tests/test_user_regressions_20260905.py::test_bitmap_paste_stays_at_original_caret PASSED
tests/test_user_regressions_20260905.py::test_remote_url_paste_is_not_discarded PASSED
tests/test_user_regressions_20260905.py::test_read_only_paste_creates_no_file PASSED
tests/test_w2_001_cross_volume.py::test_cross_volume_replacement_is_never_deleted PASSED
tests/test_w2_001_cross_volume.py::test_cross_volume_moves_content PASSED
tests/test_w2_001_cross_volume.py::test_publish_failure_restores_source PASSED
tests/test_w2_001_interval_clock.py::test_45m_clock_fires_on_boundary PASSED
tests/test_w2_001_interval_clock.py::test_delayed_tick_still_fires PASSED
tests/test_w2_001_interval_clock.py::test_60m_only_at_minute_zero PASSED
tests/test_w2_001_interval_clock.py::test_120m_every_two_hours PASSED
tests/test_w2_001_interval_clock.py::test_over_24h_covers_midnight PASSED
tests/test_w2_001_interval_clock.py::test_elapsed_mode_unchanged PASSED
18:25:32 [WARNING] fastprompter.ui.file_container: alias V:\_TEMP_\fastprompter-tests-17556-293rc_cr\pytest-of-vac34\pytest-0\test_copy_tree_safe_rejects_al0\external\escape -> v:\_temp_\fastprompter-tests-17556-293rc_cr\pytest-of-vac34\pytest-0\test_copy_tree_safe_rejects_al0\container targets the container; skipped
18:25:32 [WARNING] fastprompter.ui.file_container: alias V:\_TEMP_\fastprompter-tests-17556-293rc_cr\pytest-of-vac34\pytest-0\test_copy_tree_safe_rejects_al0\external\escape -> v:\_temp_\fastprompter-tests-17556-293rc_cr\pytest-of-vac34\pytest-0\test_copy_tree_safe_rejects_al0\container targets the container; skipped
tests/test_w2_002_alias_copy.py::test_copy_tree_safe_rejects_alias_into_container PASSED
18:25:32 [WARNING] fastprompter.ui.file_container: directory alias V:\_TEMP_\fastprompter-tests-17556-293rc_cr\pytest-of-vac34\pytest-0\test_copy_tree_safe_rejects_cy0\a\b\cycle -> v:\_temp_\fastprompter-tests-17556-293rc_cr\pytest-of-vac34\pytest-0\test_copy_tree_safe_rejects_cy0\a skipped
tests/test_w2_002_alias_copy.py::test_copy_tree_safe_rejects_cycle PASSED
18:25:32 [WARNING] fastprompter.ui.file_container: alias V:\_TEMP_\fastprompter-tests-17556-293rc_cr\pytest-of-vac34\pytest-0\test_copy_tree_safe_rejects_al1\src\sub\back -> v:\_temp_\fastprompter-tests-17556-293rc_cr\pytest-of-vac34\pytest-0\test_copy_tree_safe_rejects_al1\src targets the container; skipped
tests/test_w2_002_alias_copy.py::test_copy_tree_safe_rejects_alias_into_source_ancestor PASSED
18:25:32 [WARNING] fastprompter.ui.file_container: directory alias V:\_TEMP_\fastprompter-tests-17556-293rc_cr\pytest-of-vac34\pytest-0\test_copy_tree_safe_skips_exte0\src\ext_link -> v:\_temp_\fastprompter-tests-17556-293rc_cr\pytest-of-vac34\pytest-0\test_copy_tree_safe_skips_exte0\external skipped
tests/test_w2_002_alias_copy.py::test_copy_tree_safe_skips_external_directory_alias PASSED
tests/test_w2_002_temp_timer_volume.py::test_template_float_volume_preserved PASSED
tests/test_w2_002_temp_timer_volume.py::test_template_legacy_volume_healed PASSED
tests/test_w2_002_temp_timer_volume.py::test_template_string_canonical PASSED
tests/test_w2_002_temp_timer_volume.py::test_template_malformed_falls_back PASSED
tests/test_w2_002_temp_timer_volume.py::test_configure_persist_reload_canonical PASSED
tests/test_w2_002_temp_timer_volume.py::test_add_uses_canonical_volume PASSED
tests/test_w2_003_missed_ids.py::test_fire_persists_id PASSED
tests/test_w2_003_missed_ids.py::test_reload_survives_restart PASSED
tests/test_w2_003_missed_ids.py::test_foreign_or_missing_timer_pruned_on_load PASSED
tests/test_w2_003_missed_ids.py::test_ack_removes_and_persists PASSED
tests/test_w2_003_missed_ids.py::test_disable_prunes_on_save PASSED
tests/test_w2_003_missed_ids.py::test_repeating_never_missed PASSED
tests/test_w2_003_missed_ids.py::test_open_timer_dialog_clears_missed_alert PASSED
tests/test_w2_003_missed_ids.py::test_timer_dialog_direct_init_clears_missed_alert PASSED
tests/test_w2_003_rescan_binding.py::test_rescan_keeps_binding_when_file_over_limit PASSED
tests/test_w2_003_rescan_binding.py::test_rescan_drops_binding_when_file_deleted PASSED
tests/test_w2_003_rescan_binding.py::test_rescan_keeps_binding_when_binary PASSED
tests/test_w2_004_interval_heal.py::test_non_dict_dropped PASSED
tests/test_w2_004_interval_heal.py::test_fields_healed PASSED
tests/test_w2_004_interval_heal.py::test_missing_id_generated PASSED
tests/test_w2_004_interval_heal.py::test_duplicate_ids_collapsed PASSED
tests/test_w2_004_interval_heal.py::test_roundtrip_canonical_json PASSED
tests/test_w2_004_interval_heal.py::test_check_no_exception_on_malformed PASSED
tests/test_w2_004_retention.py::test_invalid_canonical_does_not_delete_valid_recovery PASSED
tests/test_w2_004_retention.py::test_missing_complete_canonical_does_not_delete_valid_recovery PASSED
tests/test_w2_004_retention.py::test_incomplete_manifest_canonical_does_not_delete_valid_recovery PASSED
tests/test_w2_004_retention.py::test_valid_canonical_permits_recovery_pruning PASSED
tests/test_w2_005_interval_top_bar.py::test_clock_rule_shows_countdown_until_next_boundary PASSED
tests/test_w2_005_interval_top_bar.py::test_clock_rule_mid_window PASSED
tests/test_w2_005_interval_top_bar.py::test_disabled_or_not_shown_returns_none PASSED
tests/test_w2_005_interval_top_bar.py::test_active_hour_window_gates_impossible_occurrence PASSED
tests/test_w2_005_interval_top_bar.py::test_elapsed_mode_uses_last_fired_anchor PASSED
tests/test_w2_005_interval_top_bar.py::test_candidate_picks_topmost_eligible PASSED
tests/test_w2_006_toast_ownership.py::test_probe_registers_no_missed_and_no_snooze PASSED
tests/test_w2_006_toast_ownership.py::test_delete_after_fire_temp_no_snooze_no_missed PASSED
tests/test_w2_006_toast_ownership.py::test_owned_one_shot_keeps_snooze_and_missed PASSED
tests/test_w2_006_toast_ownership.py::test_toast_renders_no_snooze_buttons_without_callback PASSED
tests/test_w2_006_toast_ownership.py::test_snooze_guard_refuses_unowned PASSED
18:25:33 [ERROR] fastprompter: save refused: startup safety snapshot outcome=FAILED
tests/test_wave6_coordinator.py::test_completed_failed_gate_refuses_mutation PASSED
18:25:33 [ERROR] fastprompter: save refused: startup safety snapshot outcome=SUPERSEDED
tests/test_wave6_coordinator.py::test_completed_superseded_refuses_force_save PASSED
tests/test_wave6_coordinator.py::test_published_allows_save PASSED
tests/test_wave6_coordinator.py::test_pending_ordinary_autosave_defers PASSED
18:25:38 [ERROR] fastprompter: database load failed; refusing to run on a database that could not be read
Traceback (most recent call last):
  File "V:\___VAC\__K\__CODE\_PY\_FastPrompter\src\fastprompter\core\state.py", line 2551, in init_db
    raise StartupSafetyUnavailableError(
fastprompter.core.state.StartupSafetyUnavailableError: cannot recover out-of-range preset rows: startup safety snapshot outcome=SUPERSEDED; the database is left unchanged
tests/test_wave6_coordinator.py::test_loader_recovery_refuses_when_snapshot_not_published PASSED
18:25:38 [WARNING] fastprompter: recovering 1 out-of-range snippet row(s) into empty slots: Code@0
tests/test_wave6_coordinator.py::test_loader_recovery_proceeds_after_published_snapshot PASSED
tests/test_wave6_coordinator.py::test_switch_refusal_does_not_detach_runtime PASSED
tests/test_wave6_coordinator.py::test_failed_b_init_keeps_a_gate_valid PASSED
tests/test_wave6_coordinator.py::test_successful_switch_retires_a_once PASSED
tests/test_wave6_coordinator.py::test_late_coalesced_request_is_not_orphaned PASSED
tests/test_wave6_coordinator.py::test_thread_start_rollback_bounded_under_contention PASSED
tests/test_wave6_coordinator.py::test_shutdown_drain_global_deadline PASSED
tests/test_wave6_coordinator.py::test_shutdown_timeout_denies_remaining_publications PASSED
This plugin does not support propagateSizeHints()
tests/test_wheel_guard.py::TestWheelGuard::test_a_focused_widget_still_takes_the_wheel PASSED
This plugin does not support propagateSizeHints()
tests/test_wheel_guard.py::TestWheelGuard::test_a_plain_widget_is_left_alone PASSED
This plugin does not support propagateSizeHints()
tests/test_wheel_guard.py::TestWheelGuard::test_a_slider_and_a_time_edit_are_guarded_too PASSED
This plugin does not support propagateSizeHints()
tests/test_wheel_guard.py::TestWheelGuard::test_scrolling_past_a_combo_does_not_change_it PASSED
This plugin does not support propagateSizeHints()
tests/test_wheel_guard.py::TestWheelGuard::test_scrolling_past_the_spinners_does_not_edit_them PASSED
This plugin does not support propagateSizeHints()
tests/test_wheel_guard.py::TestWheelGuard::test_the_panel_scrolls_instead PASSED
This plugin does not support propagateSizeHints()
This plugin does not support propagateSizeHints()
tests/test_wheel_guard.py::TestWheelGuard::test_without_a_scrollable_ancestor_the_value_is_still_protected PASSED
This plugin does not support propagateSizeHints()
tests/test_wheel_guard.py::TestScrollSoundStillWorks::test_the_debounced_scroll_tick_survives_the_redirect PASSED
tests/test_write_guard.py::TestLockExclusion::test_sequential_does_not_block PASSED
tests/test_write_guard.py::TestLockExclusion::test_concurrent_writer_blocks PASSED
tests/test_write_guard.py::TestLockExclusion::test_lock_is_released_after_context PASSED
tests/test_write_guard.py::TestEventAllocation::test_sequential_ids_are_monotonic PASSED
tests/test_write_guard.py::TestEventAllocation::test_concurrent_ids_do_not_collide PASSED
tests/test_write_guard.py::TestEventAllocation::test_state_tail_equals_log_tail PASSED

================= 1932 passed, 1 skipped in 136.25s (0:02:16) =================
